[1/9] /usr/bin/python3 /home/mingshi/Project/AI/pnnx_torchdynamo/seedvr2-ncnn-vulkan/.cache/publication/clean-source/tools/prepare_native.py --jobs 2 --offline
Preparing cli11; log: /home/mingshi/Project/AI/pnnx_torchdynamo/seedvr2-ncnn-vulkan/.cache/publication/clean-source/.cache/cli11-build.log
Preparing jsoncpp; log: /home/mingshi/Project/AI/pnnx_torchdynamo/seedvr2-ncnn-vulkan/.cache/publication/clean-source/.cache/jsoncpp-build.log
Preparing drogon; log: /home/mingshi/Project/AI/pnnx_torchdynamo/seedvr2-ncnn-vulkan/.cache/publication/clean-source/.cache/drogon-build.log
Native dependencies ready: /home/mingshi/Project/AI/pnnx_torchdynamo/seedvr2-ncnn-vulkan/.cache/publication/clean-source/.deps/install
[2/9] /usr/bin/python3 /home/mingshi/Project/AI/pnnx_torchdynamo/seedvr2-ncnn-vulkan/.cache/publication/clean-source/tools/prepare_engine.py --jobs 2 --offline
Building pinned ncnn; log: /home/mingshi/Project/AI/pnnx_torchdynamo/seedvr2-ncnn-vulkan/.cache/publication/clean-source/.cache/ncnn-build.log
ncnn ready: /home/mingshi/Project/AI/pnnx_torchdynamo/seedvr2-ncnn-vulkan/.cache/publication/clean-source/.deps/ncnn-install
[3/9] npm ci --prefix /home/mingshi/Project/AI/pnnx_torchdynamo/seedvr2-ncnn-vulkan/.cache/publication/clean-source/apps/studio --ignore-scripts --offline

added 95 packages, and audited 96 packages in 2s

11 packages are looking for funding
  run `npm fund` for details

found 0 vulnerabilities
[4/9] npm run build --prefix /home/mingshi/Project/AI/pnnx_torchdynamo/seedvr2-ncnn-vulkan/.cache/publication/clean-source/apps/studio

> seedvr2-studio@0.7.0 build
> tsc --noEmit && vite build

vite v8.2.2 building client environment for production...
transforming...
✓ 3208 modules transformed.
rendering chunks...
computing gzip size...
dist/index.html                               0.65 kB │ gzip:  0.38 kB
dist/assets/index-DOtF9f4u.css               21.58 kB │ gzip:  5.78 kB
dist/assets/rolldown-runtime-CbXtAM7H.js      0.58 kB │ gzip:  0.36 kB
dist/assets/RightOutlined-D8PX9wMF.js         0.74 kB │ gzip:  0.52 kB
dist/assets/DownloadOutlined-Chf66f64.js      0.86 kB │ gzip:  0.56 kB
dist/assets/style-DAEedZ_1.js                 1.96 kB │ gzip:  0.82 kB
dist/assets/Compare-sPjYM4aQ.js               2.33 kB │ gzip:  1.31 kB
dist/assets/History-WtI_wQD4.js               3.10 kB │ gzip:  1.67 kB
dist/assets/Models-_jZKOW5O.js                4.13 kB │ gzip:  2.07 kB
dist/assets/Planning-DIlqJ35o.js              7.27 kB │ gzip:  3.20 kB
dist/assets/Publish-DQ5__IRR.js               8.61 kB │ gzip:  3.97 kB
dist/assets/segmented-D0JECBmm.js             9.26 kB │ gzip:  3.56 kB
dist/assets/Testing-PMzI9zrn.js              10.05 kB │ gzip:  4.23 kB
dist/assets/tooltip-D0ULxgij.js              17.28 kB │ gzip:  5.81 kB
dist/assets/useQuery-RXvE8DEQ.js             22.46 kB │ gzip:  7.45 kB
dist/assets/Addon-BJX02F5a.js                25.26 kB │ gzip:  7.25 kB
dist/assets/VideoComparison-CDk3vtAL.js      31.08 kB │ gzip: 11.34 kB
dist/assets/Restore-T4okVfLG.js              37.32 kB │ gzip: 14.40 kB
dist/assets/Plans-B1letu3g.js                38.74 kB │ gzip: 13.50 kB
dist/assets/ArrowRightOutlined-CqYGceVj.js   46.03 kB │ gzip: 16.43 kB
dist/assets/Page-By9_bsRy.js                 50.84 kB │ gzip: 16.57 kB
dist/assets/index-bc3LN-ds.js                97.87 kB │ gzip: 35.79 kB
dist/assets/select-D4tJsxEc.js              128.30 kB │ gzip: 42.68 kB
dist/assets/table-CHOp7YkW.js               251.49 kB │ gzip: 77.10 kB
dist/assets/api-IaeSCpj6.js                 291.57 kB │ gzip: 98.54 kB

✓ built in 239ms
[5/9] cmake --fresh -S /home/mingshi/Project/AI/pnnx_torchdynamo/seedvr2-ncnn-vulkan/.cache/publication/clean-source -B /home/mingshi/Project/AI/pnnx_torchdynamo/seedvr2-ncnn-vulkan/.cache/publication/clean-source/build/tutorial -G Ninja -DCMAKE_BUILD_TYPE=Release -DBUILD_TESTING=ON -DSEEDVR2_BUILD_WEB=ON -DCMAKE_INSTALL_PREFIX=/home/mingshi/Project/AI/pnnx_torchdynamo/seedvr2-ncnn-vulkan/.cache/publication/clean-source/dist/tutorial
-- The CXX compiler identification is GNU 16.2.1
-- Detecting CXX compiler ABI info
-- Detecting CXX compiler ABI info - done
-- Check for working CXX compiler: /usr/bin/c++ - skipped
-- Detecting CXX compile features
-- Detecting CXX compile features - done
-- Found OpenSSL: /usr/lib64/libcrypto.so (found version "3.5.8") found components: Crypto
-- Found JPEG: /usr/lib64/libjpeg.so (found version "62")
-- Found PkgConfig: /usr/bin/pkg-config (found version "2.5.1")
-- Checking for modules 'libavformat;libavcodec;libswscale;libavutil'
--   Found libavformat, version 62.3.100
--   Found libavcodec, version 62.11.100
--   Found libswscale, version 9.1.100
--   Found libavutil, version 60.8.100
-- Found SQLite3: /usr/lib64/libsqlite3.so (found version "3.51.2")
-- Found OpenMP_CXX: -fopenmp (found version "5.2")
-- Found OpenMP: TRUE (found version "5.2")
-- Performing Test CMAKE_HAVE_LIBC_PTHREAD
-- Performing Test CMAKE_HAVE_LIBC_PTHREAD - Success
-- Found Threads: TRUE
-- Found ncnn: 20260910
-- Found Python3: /home/mingshi/.local/bin/python3.13 (found version "3.13.12") found components: Interpreter
-- Found Jsoncpp: /home/mingshi/Project/AI/pnnx_torchdynamo/seedvr2-ncnn-vulkan/.cache/publication/clean-source/.deps/install/include
-- jsoncpp version:1.9.8
-- Found OpenSSL: /usr/lib64/libcrypto.so (found version "3.5.8")
-- Found UUID: /lib64/libuuid.so
-- Found ZLIB: /usr/lib64/libz.so (found version "1.3.1")
-- Looking for C++ include filesystem
-- Looking for C++ include filesystem - found
-- Performing Test CXX_FILESYSTEM_NO_LINK_NEEDED
-- Performing Test CXX_FILESYSTEM_NO_LINK_NEEDED - Success
-- Configuring done (2.0s)
-- Generating done (0.0s)
-- Build files have been written to: /home/mingshi/Project/AI/pnnx_torchdynamo/seedvr2-ncnn-vulkan/.cache/publication/clean-source/build/tutorial
[6/9] cmake --build /home/mingshi/Project/AI/pnnx_torchdynamo/seedvr2-ncnn-vulkan/.cache/publication/clean-source/build/tutorial --parallel 2
[0/2] Re-checking globbed directories...
[1/64] Building CXX object CMakeFiles/seedvr2_planning.dir/src/planning/geometry.cpp.o
[2/64] Building CXX object CMakeFiles/seedvr2_planning.dir/src/planning/windows.cpp.o
[3/64] Linking CXX static library libseedvr2_planning.a
[4/64] Building CXX object CMakeFiles/seedvr2_ncnn_allocator.dir/generated/ncnn-host-buffer/allocator.cpp.o
[5/64] Linking CXX static library libseedvr2_ncnn_allocator.a
[6/64] Generating generated/awa_gather.spv
/home/mingshi/Project/AI/pnnx_torchdynamo/seedvr2-ncnn-vulkan/.cache/publication/clean-source/src/engine/ncnn/shaders/awa_gather.comp
[7/64] Generating generated/awa_scatter.spv
/home/mingshi/Project/AI/pnnx_torchdynamo/seedvr2-ncnn-vulkan/.cache/publication/clean-source/src/engine/ncnn/shaders/awa_scatter.comp
[8/64] Generating generated/awa_text_mean.spv
/home/mingshi/Project/AI/pnnx_torchdynamo/seedvr2-ncnn-vulkan/.cache/publication/clean-source/src/engine/ncnn/shaders/awa_text_mean.comp
[9/64] Generating generated/video_map.spv
/home/mingshi/Project/AI/pnnx_torchdynamo/seedvr2-ncnn-vulkan/.cache/publication/clean-source/src/engine/ncnn/shaders/video_map.comp
[10/64] Generating generated/video_norm.spv
/home/mingshi/Project/AI/pnnx_torchdynamo/seedvr2-ncnn-vulkan/.cache/publication/clean-source/src/engine/ncnn/shaders/video_norm.comp
[11/64] Generating generated/awa_fixture.cpp
[12/64] Generating generated/awa_shaders.hpp
[13/64] Building CXX object CMakeFiles/seedvr2_engine.dir/src/runtime/memory_policy.cpp.o
[14/64] Building CXX object CMakeFiles/seedvr2_engine.dir/src/engine/ncnn/awa.cpp.o
[15/64] Building CXX object CMakeFiles/seedvr2_engine.dir/src/engine/ncnn/constant.cpp.o
[16/64] Building CXX object CMakeFiles/seedvr2_protocol.dir/src/protocol/json.cpp.o
[17/64] Building CXX object CMakeFiles/seedvr2_engine.dir/src/engine/ncnn/package.cpp.o
[18/64] Building CXX object CMakeFiles/seedvr2_engine.dir/src/engine/ncnn/runtime.cpp.o
[19/64] Building CXX object CMakeFiles/seedvr2_engine.dir/src/engine/ncnn/pipeline.cpp.o
[20/64] Building CXX object CMakeFiles/seedvr2_engine.dir/src/engine/ncnn/image_io.cpp.o
[21/64] Building CXX object CMakeFiles/seedvr2_engine.dir/src/engine/ncnn/video_layers.cpp.o
[22/64] Building CXX object CMakeFiles/seedvr2_engine.dir/src/engine/ncnn/image.cpp.o
[23/64] Building CXX object CMakeFiles/seedvr2_engine.dir/src/engine/ncnn/video_io.cpp.o
[24/64] Building CXX object CMakeFiles/seedvr2_engine.dir/generated/awa_fixture.cpp.o
[25/64] Building CXX object CMakeFiles/seedvr2_engine.dir/src/engine/ncnn/video.cpp.o
[26/64] Building CXX object CMakeFiles/seedvr2_validation.dir/src/validation/audit.cpp.o
[27/64] Building CXX object CMakeFiles/seedvr2_storage.dir/src/storage/workspace.cpp.o
[28/64] Linking CXX static library libseedvr2_protocol.a
[29/64] Linking CXX static library libseedvr2_validation.a
[30/64] Linking CXX static library libseedvr2_storage.a
[31/64] Linking CXX shared library libseedvr2.so.0.7.0
[32/64] Creating library symlink libseedvr2.so.0.7 libseedvr2.so
[33/64] Building CXX object CMakeFiles/seedvr2_application.dir/src/application/application.cpp.o
[34/64] Building CXX object CMakeFiles/seedvr2_jobs.dir/src/jobs/process.cpp.o
[35/64] Linking CXX static library libseedvr2_application.a
[36/64] Building CXX object CMakeFiles/seedvr2_runtime.dir/src/runtime/run_state.cpp.o
[37/64] Linking CXX static library libseedvr2_runtime.a
[38/64] Building CXX object CMakeFiles/seedvr2_jobs.dir/src/jobs/service.cpp.o
[39/64] Linking CXX static library libseedvr2_jobs.a
[40/64] Generating generated/studio_assets.cpp
[41/64] Building CXX object CMakeFiles/seedvr2-web.dir/apps/server/main.cpp.o
[42/64] Building CXX object CMakeFiles/seedvr2.dir/apps/cli/main.cpp.o
[43/64] Building CXX object CMakeFiles/seedvr2-web.dir/generated/studio_assets.cpp.o
[44/64] Building CXX object CMakeFiles/seedvr2-web.dir/apps/server/server.cpp.o
[45/64] Building CXX object CMakeFiles/seedvr2_memory_policy_tests.dir/tests/memory_policy_tests.cpp.o
[46/64] Building CXX object CMakeFiles/seedvr2_memory_policy_tests.dir/src/runtime/memory_policy.cpp.o
[47/64] Building CXX object CMakeFiles/seedvr2_memory_vulkan_tests.dir/tests/memory_vulkan_tests.cpp.o
[48/64] Building CXX object CMakeFiles/seedvr2_memory_vulkan_tests.dir/src/runtime/memory_policy.cpp.o
[49/64] Building CXX object CMakeFiles/seedvr2_awa_rope_tests.dir/tests/awa_rope_tests.cpp.o
[50/64] Building CXX object CMakeFiles/seedvr2-worker.dir/apps/worker/main.cpp.o
[51/64] Building CXX object CMakeFiles/seedvr2_awa_rope_tests.dir/src/engine/ncnn/awa.cpp.o
[52/64] Building CXX object CMakeFiles/seedvr2_image_io_tests.dir/tests/image_io_tests.cpp.o
[53/64] Building CXX object CMakeFiles/seedvr2_weight_io_tests.dir/tests/weight_io_tests.cpp.o
[54/64] Linking CXX executable seedvr2
[55/64] Linking CXX executable seedvr2-web
[56/64] Linking CXX executable seedvr2-worker
[57/64] Linking CXX executable seedvr2_memory_policy_tests
[58/64] Linking CXX executable seedvr2_memory_vulkan_tests
[59/64] Building CXX object CMakeFiles/seedvr2_core_tests.dir/tests/core_tests.cpp.o
[60/64] Linking CXX executable seedvr2_awa_rope_tests
[61/64] Linking CXX executable seedvr2_image_io_tests
[62/64] Linking CXX executable seedvr2_core_tests
[63/64] Linking CXX executable seedvr2_weight_io_tests
[7/9] ctest --test-dir /home/mingshi/Project/AI/pnnx_torchdynamo/seedvr2-ncnn-vulkan/.cache/publication/clean-source/build/tutorial --output-on-failure --no-tests=error
Test project /home/mingshi/Project/AI/pnnx_torchdynamo/seedvr2-ncnn-vulkan/.cache/publication/clean-source/build/tutorial
      Start  1: engine.memory-policy
 1/14 Test  #1: engine.memory-policy ...............   Passed    0.00 sec
      Start  2: engine.memory-vulkan
 2/14 Test  #2: engine.memory-vulkan ...............   Passed    0.85 sec
      Start  3: engine.awa-rope-cpu
 3/14 Test  #3: engine.awa-rope-cpu ................   Passed    0.01 sec
      Start  4: engine.awa-rope-vulkan
 4/14 Test  #4: engine.awa-rope-vulkan .............   Passed    0.71 sec
      Start  5: engine.awa-sdpa-fp32-cpu
 5/14 Test  #5: engine.awa-sdpa-fp32-cpu ...........   Passed    0.01 sec
      Start  6: engine.awa-sdpa-fp32-vulkan
 6/14 Test  #6: engine.awa-sdpa-fp32-vulkan ........   Passed    0.75 sec
      Start  7: engine.awa-rope-vulkan-host
 7/14 Test  #7: engine.awa-rope-vulkan-host ........   Passed    0.74 sec
      Start  8: engine.awa-sdpa-fp32-vulkan-host
 8/14 Test  #8: engine.awa-sdpa-fp32-vulkan-host ...   Passed    0.79 sec
      Start  9: engine.image-decode
 9/14 Test  #9: engine.image-decode ................   Passed    0.05 sec
      Start 10: engine.mapped-reader
10/14 Test #10: engine.mapped-reader ...............   Passed    0.00 sec
      Start 11: framework.contracts
11/14 Test #11: framework.contracts ................   Passed    0.00 sec
      Start 12: cli.plan
12/14 Test #12: cli.plan ...........................   Passed    0.05 sec
      Start 13: worker.capability-boundary
13/14 Test #13: worker.capability-boundary .........   Passed    0.05 sec
      Start 14: engine.awa-cpu
14/14 Test #14: engine.awa-cpu .....................   Passed    0.26 sec

100% tests passed, 0 tests failed out of 14

Label Time Summary:
vulkan    =   3.84 sec*proc (5 tests)

Total Test time (real) =   4.27 sec
[8/9] cmake --install /home/mingshi/Project/AI/pnnx_torchdynamo/seedvr2-ncnn-vulkan/.cache/publication/clean-source/build/tutorial
-- Install configuration: "Release"
-- Installing: /home/mingshi/Project/AI/pnnx_torchdynamo/seedvr2-ncnn-vulkan/.cache/publication/clean-source/dist/tutorial/bin/seedvr2-web
-- Set non-toolchain portion of runtime path of "/home/mingshi/Project/AI/pnnx_torchdynamo/seedvr2-ncnn-vulkan/.cache/publication/clean-source/dist/tutorial/bin/seedvr2-web" to "$ORIGIN/../lib64:$ORIGIN"
-- Installing: /home/mingshi/Project/AI/pnnx_torchdynamo/seedvr2-ncnn-vulkan/.cache/publication/clean-source/dist/tutorial/bin/seedvr2-studio
-- Installing: /home/mingshi/Project/AI/pnnx_torchdynamo/seedvr2-ncnn-vulkan/.cache/publication/clean-source/dist/tutorial/share/seedvr2/licenses/Studio-NOTICES.txt
-- Installing: /home/mingshi/Project/AI/pnnx_torchdynamo/seedvr2-ncnn-vulkan/.cache/publication/clean-source/dist/tutorial/bin/seedvr2-worker
-- Set non-toolchain portion of runtime path of "/home/mingshi/Project/AI/pnnx_torchdynamo/seedvr2-ncnn-vulkan/.cache/publication/clean-source/dist/tutorial/bin/seedvr2-worker" to "$ORIGIN/../lib64:$ORIGIN"
-- Installing: /home/mingshi/Project/AI/pnnx_torchdynamo/seedvr2-ncnn-vulkan/.cache/publication/clean-source/dist/tutorial/bin/seedvr2
-- Set non-toolchain portion of runtime path of "/home/mingshi/Project/AI/pnnx_torchdynamo/seedvr2-ncnn-vulkan/.cache/publication/clean-source/dist/tutorial/bin/seedvr2" to "$ORIGIN/../lib64:$ORIGIN"
-- Installing: /home/mingshi/Project/AI/pnnx_torchdynamo/seedvr2-ncnn-vulkan/.cache/publication/clean-source/dist/tutorial/lib64/libseedvr2.so.0.7.0
-- Installing: /home/mingshi/Project/AI/pnnx_torchdynamo/seedvr2-ncnn-vulkan/.cache/publication/clean-source/dist/tutorial/lib64/libseedvr2.so.0.7
-- Set non-toolchain portion of runtime path of "/home/mingshi/Project/AI/pnnx_torchdynamo/seedvr2-ncnn-vulkan/.cache/publication/clean-source/dist/tutorial/lib64/libseedvr2.so.0.7.0" to "$ORIGIN/../lib64:$ORIGIN"
-- Installing: /home/mingshi/Project/AI/pnnx_torchdynamo/seedvr2-ncnn-vulkan/.cache/publication/clean-source/dist/tutorial/lib64/libseedvr2.so
-- Installing: /home/mingshi/Project/AI/pnnx_torchdynamo/seedvr2-ncnn-vulkan/.cache/publication/clean-source/dist/tutorial/include/seedvr2/pipeline.hpp
-- Installing: /home/mingshi/Project/AI/pnnx_torchdynamo/seedvr2-ncnn-vulkan/.cache/publication/clean-source/dist/tutorial/include/seedvr2/result.hpp
-- Installing: /home/mingshi/Project/AI/pnnx_torchdynamo/seedvr2-ncnn-vulkan/.cache/publication/clean-source/dist/tutorial/include/seedvr2/path.hpp
-- Installing: /home/mingshi/Project/AI/pnnx_torchdynamo/seedvr2-ncnn-vulkan/.cache/publication/clean-source/dist/tutorial/include/seedvr2/media.hpp
-- Installing: /home/mingshi/Project/AI/pnnx_torchdynamo/seedvr2-ncnn-vulkan/.cache/publication/clean-source/dist/tutorial/include/seedvr2/memory.hpp
-- Installing: /home/mingshi/Project/AI/pnnx_torchdynamo/seedvr2-ncnn-vulkan/.cache/publication/clean-source/dist/tutorial/include/seedvr2/image.hpp
-- Installing: /home/mingshi/Project/AI/pnnx_torchdynamo/seedvr2-ncnn-vulkan/.cache/publication/clean-source/dist/tutorial/include/seedvr2/video.hpp
-- Installing: /home/mingshi/Project/AI/pnnx_torchdynamo/seedvr2-ncnn-vulkan/.cache/publication/clean-source/dist/tutorial/include/seedvr2/engine.hpp
-- Installing: /home/mingshi/Project/AI/pnnx_torchdynamo/seedvr2-ncnn-vulkan/.cache/publication/clean-source/dist/tutorial/lib64/cmake/seedvr2/seedvr2Targets.cmake
-- Installing: /home/mingshi/Project/AI/pnnx_torchdynamo/seedvr2-ncnn-vulkan/.cache/publication/clean-source/dist/tutorial/lib64/cmake/seedvr2/seedvr2Targets-release.cmake
-- Installing: /home/mingshi/Project/AI/pnnx_torchdynamo/seedvr2-ncnn-vulkan/.cache/publication/clean-source/dist/tutorial/lib64/cmake/seedvr2/seedvr2Config.cmake
-- Installing: /home/mingshi/Project/AI/pnnx_torchdynamo/seedvr2-ncnn-vulkan/.cache/publication/clean-source/dist/tutorial/lib64/cmake/seedvr2/seedvr2ConfigVersion.cmake
-- Installing: /home/mingshi/Project/AI/pnnx_torchdynamo/seedvr2-ncnn-vulkan/.cache/publication/clean-source/dist/tutorial/share/seedvr2/examples
-- Installing: /home/mingshi/Project/AI/pnnx_torchdynamo/seedvr2-ncnn-vulkan/.cache/publication/clean-source/dist/tutorial/share/seedvr2/examples/model-evidence-empty
-- Installing: /home/mingshi/Project/AI/pnnx_torchdynamo/seedvr2-ncnn-vulkan/.cache/publication/clean-source/dist/tutorial/share/seedvr2/examples/model-evidence-empty/manifest.json
-- Installing: /home/mingshi/Project/AI/pnnx_torchdynamo/seedvr2-ncnn-vulkan/.cache/publication/clean-source/dist/tutorial/share/seedvr2/examples/plan-720p.json
-- Installing: /home/mingshi/Project/AI/pnnx_torchdynamo/seedvr2-ncnn-vulkan/.cache/publication/clean-source/dist/tutorial/share/seedvr2/examples/sdk
-- Installing: /home/mingshi/Project/AI/pnnx_torchdynamo/seedvr2-ncnn-vulkan/.cache/publication/clean-source/dist/tutorial/share/seedvr2/examples/sdk/CMakeLists.txt
-- Installing: /home/mingshi/Project/AI/pnnx_torchdynamo/seedvr2-ncnn-vulkan/.cache/publication/clean-source/dist/tutorial/share/seedvr2/examples/sdk/main.cpp
-- Installing: /home/mingshi/Project/AI/pnnx_torchdynamo/seedvr2-ncnn-vulkan/.cache/publication/clean-source/dist/tutorial/share/seedvr2/schemas
-- Installing: /home/mingshi/Project/AI/pnnx_torchdynamo/seedvr2-ncnn-vulkan/.cache/publication/clean-source/dist/tutorial/share/seedvr2/schemas/image-job-request.v1.schema.json
-- Installing: /home/mingshi/Project/AI/pnnx_torchdynamo/seedvr2-ncnn-vulkan/.cache/publication/clean-source/dist/tutorial/share/seedvr2/schemas/image-package.v1.schema.json
-- Installing: /home/mingshi/Project/AI/pnnx_torchdynamo/seedvr2-ncnn-vulkan/.cache/publication/clean-source/dist/tutorial/share/seedvr2/schemas/local-api.v1.openapi.json
-- Installing: /home/mingshi/Project/AI/pnnx_torchdynamo/seedvr2-ncnn-vulkan/.cache/publication/clean-source/dist/tutorial/share/seedvr2/schemas/model-evidence-bundle.v1.schema.json
-- Installing: /home/mingshi/Project/AI/pnnx_torchdynamo/seedvr2-ncnn-vulkan/.cache/publication/clean-source/dist/tutorial/share/seedvr2/schemas/planning-request.v1.schema.json
-- Installing: /home/mingshi/Project/AI/pnnx_torchdynamo/seedvr2-ncnn-vulkan/.cache/publication/clean-source/dist/tutorial/share/seedvr2/schemas/video-job-request.v1.schema.json
-- Installing: /home/mingshi/Project/AI/pnnx_torchdynamo/seedvr2-ncnn-vulkan/.cache/publication/clean-source/dist/tutorial/share/seedvr2/schemas/video-package.v1.schema.json
-- Installing: /home/mingshi/Project/AI/pnnx_torchdynamo/seedvr2-ncnn-vulkan/.cache/publication/clean-source/dist/tutorial/share/seedvr2/policies
-- Installing: /home/mingshi/Project/AI/pnnx_torchdynamo/seedvr2-ncnn-vulkan/.cache/publication/clean-source/dist/tutorial/share/seedvr2/policies/reviewed-packages.json
-- Installing: /home/mingshi/Project/AI/pnnx_torchdynamo/seedvr2-ncnn-vulkan/.cache/publication/clean-source/dist/tutorial/share/seedvr2/policies/seedvr2-3b.v1.json
-- Installing: /home/mingshi/Project/AI/pnnx_torchdynamo/seedvr2-ncnn-vulkan/.cache/publication/clean-source/dist/tutorial/share/seedvr2/licenses/nlohmann-json-MIT.txt
-- Installing: /home/mingshi/Project/AI/pnnx_torchdynamo/seedvr2-ncnn-vulkan/.cache/publication/clean-source/dist/tutorial/share/seedvr2/licenses/SeedVR-Apache-2.0.txt
-- Installing: /home/mingshi/Project/AI/pnnx_torchdynamo/seedvr2-ncnn-vulkan/.cache/publication/clean-source/dist/tutorial/share/seedvr2/provenance.md
-- Installing: /home/mingshi/Project/AI/pnnx_torchdynamo/seedvr2-ncnn-vulkan/.cache/publication/clean-source/dist/tutorial/share/seedvr2/docs
-- Installing: /home/mingshi/Project/AI/pnnx_torchdynamo/seedvr2-ncnn-vulkan/.cache/publication/clean-source/dist/tutorial/share/seedvr2/docs/ARCHITECTURE.md
-- Installing: /home/mingshi/Project/AI/pnnx_torchdynamo/seedvr2-ncnn-vulkan/.cache/publication/clean-source/dist/tutorial/share/seedvr2/docs/DELIVERY-PLAN.md
-- Installing: /home/mingshi/Project/AI/pnnx_torchdynamo/seedvr2-ncnn-vulkan/.cache/publication/clean-source/dist/tutorial/share/seedvr2/docs/DELIVERY-RESULTS.md
-- Installing: /home/mingshi/Project/AI/pnnx_torchdynamo/seedvr2-ncnn-vulkan/.cache/publication/clean-source/dist/tutorial/share/seedvr2/docs/DISCUSSION-DRAFT.md
-- Installing: /home/mingshi/Project/AI/pnnx_torchdynamo/seedvr2-ncnn-vulkan/.cache/publication/clean-source/dist/tutorial/share/seedvr2/docs/FIRST-RUN.md
-- Installing: /home/mingshi/Project/AI/pnnx_torchdynamo/seedvr2-ncnn-vulkan/.cache/publication/clean-source/dist/tutorial/share/seedvr2/docs/LICENSING.md
-- Installing: /home/mingshi/Project/AI/pnnx_torchdynamo/seedvr2-ncnn-vulkan/.cache/publication/clean-source/dist/tutorial/share/seedvr2/docs/MEMORY-VALIDATION.md
-- Installing: /home/mingshi/Project/AI/pnnx_torchdynamo/seedvr2-ncnn-vulkan/.cache/publication/clean-source/dist/tutorial/share/seedvr2/docs/PRECISION-VALIDATION.md
-- Installing: /home/mingshi/Project/AI/pnnx_torchdynamo/seedvr2-ncnn-vulkan/.cache/publication/clean-source/dist/tutorial/share/seedvr2/docs/TUTORIAL.md
-- Installing: /home/mingshi/Project/AI/pnnx_torchdynamo/seedvr2-ncnn-vulkan/.cache/publication/clean-source/dist/tutorial/share/seedvr2/docs/VIDEO-NUMERICS.md
-- Installing: /home/mingshi/Project/AI/pnnx_torchdynamo/seedvr2-ncnn-vulkan/.cache/publication/clean-source/dist/tutorial/share/seedvr2/docs/adr
-- Installing: /home/mingshi/Project/AI/pnnx_torchdynamo/seedvr2-ncnn-vulkan/.cache/publication/clean-source/dist/tutorial/share/seedvr2/docs/adr/0007-image-runtime-and-jobs.md
-- Installing: /home/mingshi/Project/AI/pnnx_torchdynamo/seedvr2-ncnn-vulkan/.cache/publication/clean-source/dist/tutorial/share/seedvr2/docs/adr/0008-whole-clip-video.md
-- Installing: /home/mingshi/Project/AI/pnnx_torchdynamo/seedvr2-ncnn-vulkan/.cache/publication/clean-source/dist/tutorial/share/seedvr2/docs/architecture.md
-- Installing: /home/mingshi/Project/AI/pnnx_torchdynamo/seedvr2-ncnn-vulkan/.cache/publication/clean-source/dist/tutorial/share/seedvr2/docs/awa-export-validation.json
-- Installing: /home/mingshi/Project/AI/pnnx_torchdynamo/seedvr2-ncnn-vulkan/.cache/publication/clean-source/dist/tutorial/share/seedvr2/docs/awa-pnnx-export.json
-- Installing: /home/mingshi/Project/AI/pnnx_torchdynamo/seedvr2-ncnn-vulkan/.cache/publication/clean-source/dist/tutorial/share/seedvr2/docs/awa-validation.json
-- Installing: /home/mingshi/Project/AI/pnnx_torchdynamo/seedvr2-ncnn-vulkan/.cache/publication/clean-source/dist/tutorial/share/seedvr2/docs/cli-validation.json
-- Installing: /home/mingshi/Project/AI/pnnx_torchdynamo/seedvr2-ncnn-vulkan/.cache/publication/clean-source/dist/tutorial/share/seedvr2/docs/dit-block-validation.json
-- Installing: /home/mingshi/Project/AI/pnnx_torchdynamo/seedvr2-ncnn-vulkan/.cache/publication/clean-source/dist/tutorial/share/seedvr2/docs/example-plan-result.json
-- Installing: /home/mingshi/Project/AI/pnnx_torchdynamo/seedvr2-ncnn-vulkan/.cache/publication/clean-source/dist/tutorial/share/seedvr2/docs/examples
-- Installing: /home/mingshi/Project/AI/pnnx_torchdynamo/seedvr2-ncnn-vulkan/.cache/publication/clean-source/dist/tutorial/share/seedvr2/docs/examples/image-demo-comparison-input.png
-- Installing: /home/mingshi/Project/AI/pnnx_torchdynamo/seedvr2-ncnn-vulkan/.cache/publication/clean-source/dist/tutorial/share/seedvr2/docs/examples/image-demo-input-provenance.json
-- Installing: /home/mingshi/Project/AI/pnnx_torchdynamo/seedvr2-ncnn-vulkan/.cache/publication/clean-source/dist/tutorial/share/seedvr2/docs/examples/image-demo-input.png
-- Installing: /home/mingshi/Project/AI/pnnx_torchdynamo/seedvr2-ncnn-vulkan/.cache/publication/clean-source/dist/tutorial/share/seedvr2/docs/examples/image-demo-job.json
-- Installing: /home/mingshi/Project/AI/pnnx_torchdynamo/seedvr2-ncnn-vulkan/.cache/publication/clean-source/dist/tutorial/share/seedvr2/docs/examples/image-demo-output.png
-- Installing: /home/mingshi/Project/AI/pnnx_torchdynamo/seedvr2-ncnn-vulkan/.cache/publication/clean-source/dist/tutorial/share/seedvr2/docs/examples/image-demo-run.json
-- Installing: /home/mingshi/Project/AI/pnnx_torchdynamo/seedvr2-ncnn-vulkan/.cache/publication/clean-source/dist/tutorial/share/seedvr2/docs/examples/video-compare-desktop.png
-- Installing: /home/mingshi/Project/AI/pnnx_torchdynamo/seedvr2-ncnn-vulkan/.cache/publication/clean-source/dist/tutorial/share/seedvr2/docs/examples/video-compare-mobile.png
-- Installing: /home/mingshi/Project/AI/pnnx_torchdynamo/seedvr2-ncnn-vulkan/.cache/publication/clean-source/dist/tutorial/share/seedvr2/docs/examples/video-demo-comparison-input.mp4
-- Installing: /home/mingshi/Project/AI/pnnx_torchdynamo/seedvr2-ncnn-vulkan/.cache/publication/clean-source/dist/tutorial/share/seedvr2/docs/examples/video-demo-comparison-input.png
-- Installing: /home/mingshi/Project/AI/pnnx_torchdynamo/seedvr2-ncnn-vulkan/.cache/publication/clean-source/dist/tutorial/share/seedvr2/docs/examples/video-demo-input-provenance.json
-- Installing: /home/mingshi/Project/AI/pnnx_torchdynamo/seedvr2-ncnn-vulkan/.cache/publication/clean-source/dist/tutorial/share/seedvr2/docs/examples/video-demo-input.mp4
-- Installing: /home/mingshi/Project/AI/pnnx_torchdynamo/seedvr2-ncnn-vulkan/.cache/publication/clean-source/dist/tutorial/share/seedvr2/docs/examples/video-demo-job.json
-- Installing: /home/mingshi/Project/AI/pnnx_torchdynamo/seedvr2-ncnn-vulkan/.cache/publication/clean-source/dist/tutorial/share/seedvr2/docs/examples/video-demo-output.mp4
-- Installing: /home/mingshi/Project/AI/pnnx_torchdynamo/seedvr2-ncnn-vulkan/.cache/publication/clean-source/dist/tutorial/share/seedvr2/docs/examples/video-demo-output.png
-- Installing: /home/mingshi/Project/AI/pnnx_torchdynamo/seedvr2-ncnn-vulkan/.cache/publication/clean-source/dist/tutorial/share/seedvr2/docs/examples/video-demo-run.json
-- Installing: /home/mingshi/Project/AI/pnnx_torchdynamo/seedvr2-ncnn-vulkan/.cache/publication/clean-source/dist/tutorial/share/seedvr2/docs/examples/video-discussion.png
-- Installing: /home/mingshi/Project/AI/pnnx_torchdynamo/seedvr2-ncnn-vulkan/.cache/publication/clean-source/dist/tutorial/share/seedvr2/docs/foundation-manifest.json
-- Installing: /home/mingshi/Project/AI/pnnx_torchdynamo/seedvr2-ncnn-vulkan/.cache/publication/clean-source/dist/tutorial/share/seedvr2/docs/framework-audit-validation.json
-- Installing: /home/mingshi/Project/AI/pnnx_torchdynamo/seedvr2-ncnn-vulkan/.cache/publication/clean-source/dist/tutorial/share/seedvr2/docs/framework-browser-validation.json
-- Installing: /home/mingshi/Project/AI/pnnx_torchdynamo/seedvr2-ncnn-vulkan/.cache/publication/clean-source/dist/tutorial/share/seedvr2/docs/framework-cli-validation.json
-- Installing: /home/mingshi/Project/AI/pnnx_torchdynamo/seedvr2-ncnn-vulkan/.cache/publication/clean-source/dist/tutorial/share/seedvr2/docs/framework-empty-model-audit.json
-- Installing: /home/mingshi/Project/AI/pnnx_torchdynamo/seedvr2-ncnn-vulkan/.cache/publication/clean-source/dist/tutorial/share/seedvr2/docs/framework-install-validation.json
-- Installing: /home/mingshi/Project/AI/pnnx_torchdynamo/seedvr2-ncnn-vulkan/.cache/publication/clean-source/dist/tutorial/share/seedvr2/docs/framework-manifest.json
-- Installing: /home/mingshi/Project/AI/pnnx_torchdynamo/seedvr2-ncnn-vulkan/.cache/publication/clean-source/dist/tutorial/share/seedvr2/docs/framework-sanitize-audit-validation.json
-- Installing: /home/mingshi/Project/AI/pnnx_torchdynamo/seedvr2-ncnn-vulkan/.cache/publication/clean-source/dist/tutorial/share/seedvr2/docs/framework-sanitize-web-validation.json
-- Installing: /home/mingshi/Project/AI/pnnx_torchdynamo/seedvr2-ncnn-vulkan/.cache/publication/clean-source/dist/tutorial/share/seedvr2/docs/framework-validation.md
-- Installing: /home/mingshi/Project/AI/pnnx_torchdynamo/seedvr2-ncnn-vulkan/.cache/publication/clean-source/dist/tutorial/share/seedvr2/docs/framework-web-validation.json
-- Installing: /home/mingshi/Project/AI/pnnx_torchdynamo/seedvr2-ncnn-vulkan/.cache/publication/clean-source/dist/tutorial/share/seedvr2/docs/full-stack-framework.md
-- Installing: /home/mingshi/Project/AI/pnnx_torchdynamo/seedvr2-ncnn-vulkan/.cache/publication/clean-source/dist/tutorial/share/seedvr2/docs/image-audit-validation.json
-- Installing: /home/mingshi/Project/AI/pnnx_torchdynamo/seedvr2-ncnn-vulkan/.cache/publication/clean-source/dist/tutorial/share/seedvr2/docs/image-boundaries-validation.json
-- Installing: /home/mingshi/Project/AI/pnnx_torchdynamo/seedvr2-ncnn-vulkan/.cache/publication/clean-source/dist/tutorial/share/seedvr2/docs/image-browser-validation.json
-- Installing: /home/mingshi/Project/AI/pnnx_torchdynamo/seedvr2-ncnn-vulkan/.cache/publication/clean-source/dist/tutorial/share/seedvr2/docs/image-build-capabilities.json
-- Installing: /home/mingshi/Project/AI/pnnx_torchdynamo/seedvr2-ncnn-vulkan/.cache/publication/clean-source/dist/tutorial/share/seedvr2/docs/image-cli-only-validation.json
-- Installing: /home/mingshi/Project/AI/pnnx_torchdynamo/seedvr2-ncnn-vulkan/.cache/publication/clean-source/dist/tutorial/share/seedvr2/docs/image-contract-validation.json
-- Installing: /home/mingshi/Project/AI/pnnx_torchdynamo/seedvr2-ncnn-vulkan/.cache/publication/clean-source/dist/tutorial/share/seedvr2/docs/image-discussion-draft.md
-- Installing: /home/mingshi/Project/AI/pnnx_torchdynamo/seedvr2-ncnn-vulkan/.cache/publication/clean-source/dist/tutorial/share/seedvr2/docs/image-dit-remaining-export.json
-- Installing: /home/mingshi/Project/AI/pnnx_torchdynamo/seedvr2-ncnn-vulkan/.cache/publication/clean-source/dist/tutorial/share/seedvr2/docs/image-engine-validation.json
-- Installing: /home/mingshi/Project/AI/pnnx_torchdynamo/seedvr2-ncnn-vulkan/.cache/publication/clean-source/dist/tutorial/share/seedvr2/docs/image-install-http-validation.json
-- Installing: /home/mingshi/Project/AI/pnnx_torchdynamo/seedvr2-ncnn-vulkan/.cache/publication/clean-source/dist/tutorial/share/seedvr2/docs/image-install-validation.json
-- Installing: /home/mingshi/Project/AI/pnnx_torchdynamo/seedvr2-ncnn-vulkan/.cache/publication/clean-source/dist/tutorial/share/seedvr2/docs/image-jobs-validation.json
-- Installing: /home/mingshi/Project/AI/pnnx_torchdynamo/seedvr2-ncnn-vulkan/.cache/publication/clean-source/dist/tutorial/share/seedvr2/docs/image-manifest.json
-- Installing: /home/mingshi/Project/AI/pnnx_torchdynamo/seedvr2-ncnn-vulkan/.cache/publication/clean-source/dist/tutorial/share/seedvr2/docs/image-model-status.json
-- Installing: /home/mingshi/Project/AI/pnnx_torchdynamo/seedvr2-ncnn-vulkan/.cache/publication/clean-source/dist/tutorial/share/seedvr2/docs/image-package-manifest.json
-- Installing: /home/mingshi/Project/AI/pnnx_torchdynamo/seedvr2-ncnn-vulkan/.cache/publication/clean-source/dist/tutorial/share/seedvr2/docs/image-parity-128-cpu.json
-- Installing: /home/mingshi/Project/AI/pnnx_torchdynamo/seedvr2-ncnn-vulkan/.cache/publication/clean-source/dist/tutorial/share/seedvr2/docs/image-parity-final-256-vulkan.json
-- Installing: /home/mingshi/Project/AI/pnnx_torchdynamo/seedvr2-ncnn-vulkan/.cache/publication/clean-source/dist/tutorial/share/seedvr2/docs/image-reference-128.json
-- Installing: /home/mingshi/Project/AI/pnnx_torchdynamo/seedvr2-ncnn-vulkan/.cache/publication/clean-source/dist/tutorial/share/seedvr2/docs/image-reference-256.json
-- Installing: /home/mingshi/Project/AI/pnnx_torchdynamo/seedvr2-ncnn-vulkan/.cache/publication/clean-source/dist/tutorial/share/seedvr2/docs/image-run-128-cpu.json
-- Installing: /home/mingshi/Project/AI/pnnx_torchdynamo/seedvr2-ncnn-vulkan/.cache/publication/clean-source/dist/tutorial/share/seedvr2/docs/image-run-128-vulkan-2.json
-- Installing: /home/mingshi/Project/AI/pnnx_torchdynamo/seedvr2-ncnn-vulkan/.cache/publication/clean-source/dist/tutorial/share/seedvr2/docs/image-run-256-vulkan.json
-- Installing: /home/mingshi/Project/AI/pnnx_torchdynamo/seedvr2-ncnn-vulkan/.cache/publication/clean-source/dist/tutorial/share/seedvr2/docs/image-run-512-vulkan.json
-- Installing: /home/mingshi/Project/AI/pnnx_torchdynamo/seedvr2-ncnn-vulkan/.cache/publication/clean-source/dist/tutorial/share/seedvr2/docs/image-run-final-256-vulkan.json
-- Installing: /home/mingshi/Project/AI/pnnx_torchdynamo/seedvr2-ncnn-vulkan/.cache/publication/clean-source/dist/tutorial/share/seedvr2/docs/image-runtime.md
-- Installing: /home/mingshi/Project/AI/pnnx_torchdynamo/seedvr2-ncnn-vulkan/.cache/publication/clean-source/dist/tutorial/share/seedvr2/docs/image-validation.md
-- Installing: /home/mingshi/Project/AI/pnnx_torchdynamo/seedvr2-ncnn-vulkan/.cache/publication/clean-source/dist/tutorial/share/seedvr2/docs/image-workspace-migration.json
-- Installing: /home/mingshi/Project/AI/pnnx_torchdynamo/seedvr2-ncnn-vulkan/.cache/publication/clean-source/dist/tutorial/share/seedvr2/docs/local-web.md
-- Installing: /home/mingshi/Project/AI/pnnx_torchdynamo/seedvr2-ncnn-vulkan/.cache/publication/clean-source/dist/tutorial/share/seedvr2/docs/model-validation.md
-- Installing: /home/mingshi/Project/AI/pnnx_torchdynamo/seedvr2-ncnn-vulkan/.cache/publication/clean-source/dist/tutorial/share/seedvr2/docs/native-audit-validation.json
-- Installing: /home/mingshi/Project/AI/pnnx_torchdynamo/seedvr2-ncnn-vulkan/.cache/publication/clean-source/dist/tutorial/share/seedvr2/docs/native-backend.md
-- Installing: /home/mingshi/Project/AI/pnnx_torchdynamo/seedvr2-ncnn-vulkan/.cache/publication/clean-source/dist/tutorial/share/seedvr2/docs/native-browser-validation.json
-- Installing: /home/mingshi/Project/AI/pnnx_torchdynamo/seedvr2-ncnn-vulkan/.cache/publication/clean-source/dist/tutorial/share/seedvr2/docs/native-build-capabilities.json
-- Installing: /home/mingshi/Project/AI/pnnx_torchdynamo/seedvr2-ncnn-vulkan/.cache/publication/clean-source/dist/tutorial/share/seedvr2/docs/native-cli-validation.json
-- Installing: /home/mingshi/Project/AI/pnnx_torchdynamo/seedvr2-ncnn-vulkan/.cache/publication/clean-source/dist/tutorial/share/seedvr2/docs/native-engine-boundary-validation.json
-- Installing: /home/mingshi/Project/AI/pnnx_torchdynamo/seedvr2-ncnn-vulkan/.cache/publication/clean-source/dist/tutorial/share/seedvr2/docs/native-install-http-validation.json
-- Installing: /home/mingshi/Project/AI/pnnx_torchdynamo/seedvr2-ncnn-vulkan/.cache/publication/clean-source/dist/tutorial/share/seedvr2/docs/native-install-validation.json
-- Installing: /home/mingshi/Project/AI/pnnx_torchdynamo/seedvr2-ncnn-vulkan/.cache/publication/clean-source/dist/tutorial/share/seedvr2/docs/native-manifest.json
-- Installing: /home/mingshi/Project/AI/pnnx_torchdynamo/seedvr2-ncnn-vulkan/.cache/publication/clean-source/dist/tutorial/share/seedvr2/docs/native-model-status.json
-- Installing: /home/mingshi/Project/AI/pnnx_torchdynamo/seedvr2-ncnn-vulkan/.cache/publication/clean-source/dist/tutorial/share/seedvr2/docs/native-pnnx-build.json
-- Installing: /home/mingshi/Project/AI/pnnx_torchdynamo/seedvr2-ncnn-vulkan/.cache/publication/clean-source/dist/tutorial/share/seedvr2/docs/native-validation.md
-- Installing: /home/mingshi/Project/AI/pnnx_torchdynamo/seedvr2-ncnn-vulkan/.cache/publication/clean-source/dist/tutorial/share/seedvr2/docs/native-web-validation.json
-- Installing: /home/mingshi/Project/AI/pnnx_torchdynamo/seedvr2-ncnn-vulkan/.cache/publication/clean-source/dist/tutorial/share/seedvr2/docs/provenance.md
-- Installing: /home/mingshi/Project/AI/pnnx_torchdynamo/seedvr2-ncnn-vulkan/.cache/publication/clean-source/dist/tutorial/share/seedvr2/docs/status.json
-- Installing: /home/mingshi/Project/AI/pnnx_torchdynamo/seedvr2-ncnn-vulkan/.cache/publication/clean-source/dist/tutorial/share/seedvr2/docs/vae-image-validation.json
-- Installing: /home/mingshi/Project/AI/pnnx_torchdynamo/seedvr2-ncnn-vulkan/.cache/publication/clean-source/dist/tutorial/share/seedvr2/docs/validation.md
-- Installing: /home/mingshi/Project/AI/pnnx_torchdynamo/seedvr2-ncnn-vulkan/.cache/publication/clean-source/dist/tutorial/share/seedvr2/docs/video-browser-validation.json
-- Installing: /home/mingshi/Project/AI/pnnx_torchdynamo/seedvr2-ncnn-vulkan/.cache/publication/clean-source/dist/tutorial/share/seedvr2/docs/video-build-capabilities.json
-- Installing: /home/mingshi/Project/AI/pnnx_torchdynamo/seedvr2-ncnn-vulkan/.cache/publication/clean-source/dist/tutorial/share/seedvr2/docs/video-cli-only-parity.json
-- Installing: /home/mingshi/Project/AI/pnnx_torchdynamo/seedvr2-ncnn-vulkan/.cache/publication/clean-source/dist/tutorial/share/seedvr2/docs/video-cli-only-run.json
-- Installing: /home/mingshi/Project/AI/pnnx_torchdynamo/seedvr2-ncnn-vulkan/.cache/publication/clean-source/dist/tutorial/share/seedvr2/docs/video-cli-validation.json
-- Installing: /home/mingshi/Project/AI/pnnx_torchdynamo/seedvr2-ncnn-vulkan/.cache/publication/clean-source/dist/tutorial/share/seedvr2/docs/video-contract-validation.json
-- Installing: /home/mingshi/Project/AI/pnnx_torchdynamo/seedvr2-ncnn-vulkan/.cache/publication/clean-source/dist/tutorial/share/seedvr2/docs/video-discussion-draft.md
-- Installing: /home/mingshi/Project/AI/pnnx_torchdynamo/seedvr2-ncnn-vulkan/.cache/publication/clean-source/dist/tutorial/share/seedvr2/docs/video-engine-validation.json
-- Installing: /home/mingshi/Project/AI/pnnx_torchdynamo/seedvr2-ncnn-vulkan/.cache/publication/clean-source/dist/tutorial/share/seedvr2/docs/video-image-jobs-validation.json
-- Installing: /home/mingshi/Project/AI/pnnx_torchdynamo/seedvr2-ncnn-vulkan/.cache/publication/clean-source/dist/tutorial/share/seedvr2/docs/video-image-parity-final.json
-- Installing: /home/mingshi/Project/AI/pnnx_torchdynamo/seedvr2-ncnn-vulkan/.cache/publication/clean-source/dist/tutorial/share/seedvr2/docs/video-image-run-final.json
-- Installing: /home/mingshi/Project/AI/pnnx_torchdynamo/seedvr2-ncnn-vulkan/.cache/publication/clean-source/dist/tutorial/share/seedvr2/docs/video-install-http-validation.json
-- Installing: /home/mingshi/Project/AI/pnnx_torchdynamo/seedvr2-ncnn-vulkan/.cache/publication/clean-source/dist/tutorial/share/seedvr2/docs/video-install-validation.json
-- Installing: /home/mingshi/Project/AI/pnnx_torchdynamo/seedvr2-ncnn-vulkan/.cache/publication/clean-source/dist/tutorial/share/seedvr2/docs/video-jobs-validation.json
-- Installing: /home/mingshi/Project/AI/pnnx_torchdynamo/seedvr2-ncnn-vulkan/.cache/publication/clean-source/dist/tutorial/share/seedvr2/docs/video-manifest.json
-- Installing: /home/mingshi/Project/AI/pnnx_torchdynamo/seedvr2-ncnn-vulkan/.cache/publication/clean-source/dist/tutorial/share/seedvr2/docs/video-model-status.json
-- Installing: /home/mingshi/Project/AI/pnnx_torchdynamo/seedvr2-ncnn-vulkan/.cache/publication/clean-source/dist/tutorial/share/seedvr2/docs/video-package-manifest.json
-- Installing: /home/mingshi/Project/AI/pnnx_torchdynamo/seedvr2-ncnn-vulkan/.cache/publication/clean-source/dist/tutorial/share/seedvr2/docs/video-parity-cpu-seventeen.json
-- Installing: /home/mingshi/Project/AI/pnnx_torchdynamo/seedvr2-ncnn-vulkan/.cache/publication/clean-source/dist/tutorial/share/seedvr2/docs/video-parity-final-seventeen.json
-- Installing: /home/mingshi/Project/AI/pnnx_torchdynamo/seedvr2-ncnn-vulkan/.cache/publication/clean-source/dist/tutorial/share/seedvr2/docs/video-parity-final-six.json
-- Installing: /home/mingshi/Project/AI/pnnx_torchdynamo/seedvr2-ncnn-vulkan/.cache/publication/clean-source/dist/tutorial/share/seedvr2/docs/video-reference-seventeen.json
-- Installing: /home/mingshi/Project/AI/pnnx_torchdynamo/seedvr2-ncnn-vulkan/.cache/publication/clean-source/dist/tutorial/share/seedvr2/docs/video-reference-six.json
-- Installing: /home/mingshi/Project/AI/pnnx_torchdynamo/seedvr2-ncnn-vulkan/.cache/publication/clean-source/dist/tutorial/share/seedvr2/docs/video-run-cpu-seventeen.json
-- Installing: /home/mingshi/Project/AI/pnnx_torchdynamo/seedvr2-ncnn-vulkan/.cache/publication/clean-source/dist/tutorial/share/seedvr2/docs/video-run-final-seventeen.json
-- Installing: /home/mingshi/Project/AI/pnnx_torchdynamo/seedvr2-ncnn-vulkan/.cache/publication/clean-source/dist/tutorial/share/seedvr2/docs/video-run-final-six.json
-- Installing: /home/mingshi/Project/AI/pnnx_torchdynamo/seedvr2-ncnn-vulkan/.cache/publication/clean-source/dist/tutorial/share/seedvr2/docs/video-runtime.md
-- Installing: /home/mingshi/Project/AI/pnnx_torchdynamo/seedvr2-ncnn-vulkan/.cache/publication/clean-source/dist/tutorial/share/seedvr2/docs/video-vae-export-suite.json
-- Installing: /home/mingshi/Project/AI/pnnx_torchdynamo/seedvr2-ncnn-vulkan/.cache/publication/clean-source/dist/tutorial/share/seedvr2/docs/video-vae-native-validation.json
-- Installing: /home/mingshi/Project/AI/pnnx_torchdynamo/seedvr2-ncnn-vulkan/.cache/publication/clean-source/dist/tutorial/share/seedvr2/docs/video-validation.md
-- Installing: /home/mingshi/Project/AI/pnnx_torchdynamo/seedvr2-ncnn-vulkan/.cache/publication/clean-source/dist/tutorial/share/seedvr2/docs/video-web-validation.json
-- Installing: /home/mingshi/Project/AI/pnnx_torchdynamo/seedvr2-ncnn-vulkan/.cache/publication/clean-source/dist/tutorial/share/seedvr2/docs/video-workspace-upgrade.json
-- Installing: /home/mingshi/Project/AI/pnnx_torchdynamo/seedvr2-ncnn-vulkan/.cache/publication/clean-source/dist/tutorial/share/seedvr2/docs/web-browser-validation.json
-- Installing: /home/mingshi/Project/AI/pnnx_torchdynamo/seedvr2-ncnn-vulkan/.cache/publication/clean-source/dist/tutorial/share/seedvr2/docs/web-install-validation.json
-- Installing: /home/mingshi/Project/AI/pnnx_torchdynamo/seedvr2-ncnn-vulkan/.cache/publication/clean-source/dist/tutorial/share/seedvr2/docs/web-manifest.json
-- Installing: /home/mingshi/Project/AI/pnnx_torchdynamo/seedvr2-ncnn-vulkan/.cache/publication/clean-source/dist/tutorial/share/seedvr2/docs/web-sanitize-validation.json
-- Installing: /home/mingshi/Project/AI/pnnx_torchdynamo/seedvr2-ncnn-vulkan/.cache/publication/clean-source/dist/tutorial/share/seedvr2/docs/web-validation.json
-- Installing: /home/mingshi/Project/AI/pnnx_torchdynamo/seedvr2-ncnn-vulkan/.cache/publication/clean-source/dist/tutorial/share/seedvr2/docs/web-validation.md
-- Installing: /home/mingshi/Project/AI/pnnx_torchdynamo/seedvr2-ncnn-vulkan/.cache/publication/clean-source/dist/tutorial/share/seedvr2/README.md
-- Installing: /home/mingshi/Project/AI/pnnx_torchdynamo/seedvr2-ncnn-vulkan/.cache/publication/clean-source/dist/tutorial/share/seedvr2/README.en.md
-- Installing: /home/mingshi/Project/AI/pnnx_torchdynamo/seedvr2-ncnn-vulkan/.cache/publication/clean-source/dist/tutorial/share/seedvr2/LICENSE
-- Installing: /home/mingshi/Project/AI/pnnx_torchdynamo/seedvr2-ncnn-vulkan/.cache/publication/clean-source/dist/tutorial/share/seedvr2/NOTICE
-- Installing: /home/mingshi/Project/AI/pnnx_torchdynamo/seedvr2-ncnn-vulkan/.cache/publication/clean-source/dist/tutorial/share/seedvr2/CONTRIBUTING.md
-- Installing: /home/mingshi/Project/AI/pnnx_torchdynamo/seedvr2-ncnn-vulkan/.cache/publication/clean-source/dist/tutorial/share/seedvr2/artifacts/2026-09-08/delivery-v1
-- Installing: /home/mingshi/Project/AI/pnnx_torchdynamo/seedvr2-ncnn-vulkan/.cache/publication/clean-source/dist/tutorial/share/seedvr2/artifacts/2026-09-08/delivery-v1/browser-review.json
-- Installing: /home/mingshi/Project/AI/pnnx_torchdynamo/seedvr2-ncnn-vulkan/.cache/publication/clean-source/dist/tutorial/share/seedvr2/artifacts/2026-09-08/delivery-v1/cli.json
-- Installing: /home/mingshi/Project/AI/pnnx_torchdynamo/seedvr2-ncnn-vulkan/.cache/publication/clean-source/dist/tutorial/share/seedvr2/artifacts/2026-09-08/delivery-v1/copy-image-model.json
-- Installing: /home/mingshi/Project/AI/pnnx_torchdynamo/seedvr2-ncnn-vulkan/.cache/publication/clean-source/dist/tutorial/share/seedvr2/artifacts/2026-09-08/delivery-v1/copy-video-model.json
-- Installing: /home/mingshi/Project/AI/pnnx_torchdynamo/seedvr2-ncnn-vulkan/.cache/publication/clean-source/dist/tutorial/share/seedvr2/artifacts/2026-09-08/delivery-v1/delivery-basis.json
-- Installing: /home/mingshi/Project/AI/pnnx_torchdynamo/seedvr2-ncnn-vulkan/.cache/publication/clean-source/dist/tutorial/share/seedvr2/artifacts/2026-09-08/delivery-v1/engine-boundaries.json
-- Installing: /home/mingshi/Project/AI/pnnx_torchdynamo/seedvr2-ncnn-vulkan/.cache/publication/clean-source/dist/tutorial/share/seedvr2/artifacts/2026-09-08/delivery-v1/image-job.json
-- Installing: /home/mingshi/Project/AI/pnnx_torchdynamo/seedvr2-ncnn-vulkan/.cache/publication/clean-source/dist/tutorial/share/seedvr2/artifacts/2026-09-08/delivery-v1/image-jobs.json
-- Installing: /home/mingshi/Project/AI/pnnx_torchdynamo/seedvr2-ncnn-vulkan/.cache/publication/clean-source/dist/tutorial/share/seedvr2/artifacts/2026-09-08/delivery-v1/image-run-final-256-vulkan-reviewed-replay.json
-- Installing: /home/mingshi/Project/AI/pnnx_torchdynamo/seedvr2-ncnn-vulkan/.cache/publication/clean-source/dist/tutorial/share/seedvr2/artifacts/2026-09-08/delivery-v1/install-layout-failure-buffered.json
-- Installing: /home/mingshi/Project/AI/pnnx_torchdynamo/seedvr2-ncnn-vulkan/.cache/publication/clean-source/dist/tutorial/share/seedvr2/artifacts/2026-09-08/delivery-v1/install-layout-failure-mapped.json
-- Installing: /home/mingshi/Project/AI/pnnx_torchdynamo/seedvr2-ncnn-vulkan/.cache/publication/clean-source/dist/tutorial/share/seedvr2/artifacts/2026-09-08/delivery-v1/installed-cpu-self-test.json
-- Installing: /home/mingshi/Project/AI/pnnx_torchdynamo/seedvr2-ncnn-vulkan/.cache/publication/clean-source/dist/tutorial/share/seedvr2/artifacts/2026-09-08/delivery-v1/live-app.json
-- Installing: /home/mingshi/Project/AI/pnnx_torchdynamo/seedvr2-ncnn-vulkan/.cache/publication/clean-source/dist/tutorial/share/seedvr2/artifacts/2026-09-08/delivery-v1/live-capabilities.json
-- Installing: /home/mingshi/Project/AI/pnnx_torchdynamo/seedvr2-ncnn-vulkan/.cache/publication/clean-source/dist/tutorial/share/seedvr2/artifacts/2026-09-08/delivery-v1/live-models.json
-- Installing: /home/mingshi/Project/AI/pnnx_torchdynamo/seedvr2-ncnn-vulkan/.cache/publication/clean-source/dist/tutorial/share/seedvr2/artifacts/2026-09-08/delivery-v1/local-native-ci-final
-- Installing: /home/mingshi/Project/AI/pnnx_torchdynamo/seedvr2-ncnn-vulkan/.cache/publication/clean-source/dist/tutorial/share/seedvr2/artifacts/2026-09-08/delivery-v1/local-native-ci-final/cli.json
-- Installing: /home/mingshi/Project/AI/pnnx_torchdynamo/seedvr2-ncnn-vulkan/.cache/publication/clean-source/dist/tutorial/share/seedvr2/artifacts/2026-09-08/delivery-v1/local-native-ci-final/ctest.log
-- Installing: /home/mingshi/Project/AI/pnnx_torchdynamo/seedvr2-ncnn-vulkan/.cache/publication/clean-source/dist/tutorial/share/seedvr2/artifacts/2026-09-08/delivery-v1/local-native-ci-final/engine-boundaries.json
-- Installing: /home/mingshi/Project/AI/pnnx_torchdynamo/seedvr2-ncnn-vulkan/.cache/publication/clean-source/dist/tutorial/share/seedvr2/artifacts/2026-09-08/delivery-v1/local-native-ci-final/evidence-contract.log
-- Installing: /home/mingshi/Project/AI/pnnx_torchdynamo/seedvr2-ncnn-vulkan/.cache/publication/clean-source/dist/tutorial/share/seedvr2/artifacts/2026-09-08/delivery-v1/local-native-ci-final/first-use.json
-- Installing: /home/mingshi/Project/AI/pnnx_torchdynamo/seedvr2-ncnn-vulkan/.cache/publication/clean-source/dist/tutorial/share/seedvr2/artifacts/2026-09-08/delivery-v1/local-native-ci-final/mesa.json
-- Installing: /home/mingshi/Project/AI/pnnx_torchdynamo/seedvr2-ncnn-vulkan/.cache/publication/clean-source/dist/tutorial/share/seedvr2/artifacts/2026-09-08/delivery-v1/local-native-ci-final/mesa.stderr
-- Installing: /home/mingshi/Project/AI/pnnx_torchdynamo/seedvr2-ncnn-vulkan/.cache/publication/clean-source/dist/tutorial/share/seedvr2/artifacts/2026-09-08/delivery-v1/local-native-ci-final/scope.json
-- Installing: /home/mingshi/Project/AI/pnnx_torchdynamo/seedvr2-ncnn-vulkan/.cache/publication/clean-source/dist/tutorial/share/seedvr2/artifacts/2026-09-08/delivery-v1/local-native-ci-final/sdk-build.log
-- Installing: /home/mingshi/Project/AI/pnnx_torchdynamo/seedvr2-ncnn-vulkan/.cache/publication/clean-source/dist/tutorial/share/seedvr2/artifacts/2026-09-08/delivery-v1/local-native-ci-final/sdk-smoke.json
-- Installing: /home/mingshi/Project/AI/pnnx_torchdynamo/seedvr2-ncnn-vulkan/.cache/publication/clean-source/dist/tutorial/share/seedvr2/artifacts/2026-09-08/delivery-v1/local-native-ci
-- Installing: /home/mingshi/Project/AI/pnnx_torchdynamo/seedvr2-ncnn-vulkan/.cache/publication/clean-source/dist/tutorial/share/seedvr2/artifacts/2026-09-08/delivery-v1/local-native-ci/cli.json
-- Installing: /home/mingshi/Project/AI/pnnx_torchdynamo/seedvr2-ncnn-vulkan/.cache/publication/clean-source/dist/tutorial/share/seedvr2/artifacts/2026-09-08/delivery-v1/local-native-ci/ctest.log
-- Installing: /home/mingshi/Project/AI/pnnx_torchdynamo/seedvr2-ncnn-vulkan/.cache/publication/clean-source/dist/tutorial/share/seedvr2/artifacts/2026-09-08/delivery-v1/local-native-ci/engine-boundaries.json
-- Installing: /home/mingshi/Project/AI/pnnx_torchdynamo/seedvr2-ncnn-vulkan/.cache/publication/clean-source/dist/tutorial/share/seedvr2/artifacts/2026-09-08/delivery-v1/local-native-ci/evidence-contract.log
-- Installing: /home/mingshi/Project/AI/pnnx_torchdynamo/seedvr2-ncnn-vulkan/.cache/publication/clean-source/dist/tutorial/share/seedvr2/artifacts/2026-09-08/delivery-v1/local-native-ci/first-use.json
-- Installing: /home/mingshi/Project/AI/pnnx_torchdynamo/seedvr2-ncnn-vulkan/.cache/publication/clean-source/dist/tutorial/share/seedvr2/artifacts/2026-09-08/delivery-v1/local-native-ci/mesa-wrong-architecture.json
-- Installing: /home/mingshi/Project/AI/pnnx_torchdynamo/seedvr2-ncnn-vulkan/.cache/publication/clean-source/dist/tutorial/share/seedvr2/artifacts/2026-09-08/delivery-v1/local-native-ci/mesa-wrong-architecture.stderr
-- Installing: /home/mingshi/Project/AI/pnnx_torchdynamo/seedvr2-ncnn-vulkan/.cache/publication/clean-source/dist/tutorial/share/seedvr2/artifacts/2026-09-08/delivery-v1/local-native-ci/mesa.json
-- Installing: /home/mingshi/Project/AI/pnnx_torchdynamo/seedvr2-ncnn-vulkan/.cache/publication/clean-source/dist/tutorial/share/seedvr2/artifacts/2026-09-08/delivery-v1/local-native-ci/mesa.stderr
-- Installing: /home/mingshi/Project/AI/pnnx_torchdynamo/seedvr2-ncnn-vulkan/.cache/publication/clean-source/dist/tutorial/share/seedvr2/artifacts/2026-09-08/delivery-v1/local-native-ci/sdk-build.log
-- Installing: /home/mingshi/Project/AI/pnnx_torchdynamo/seedvr2-ncnn-vulkan/.cache/publication/clean-source/dist/tutorial/share/seedvr2/artifacts/2026-09-08/delivery-v1/local-native-ci/sdk-smoke.json
-- Installing: /home/mingshi/Project/AI/pnnx_torchdynamo/seedvr2-ncnn-vulkan/.cache/publication/clean-source/dist/tutorial/share/seedvr2/artifacts/2026-09-08/delivery-v1/measurements
-- Installing: /home/mingshi/Project/AI/pnnx_torchdynamo/seedvr2-ncnn-vulkan/.cache/publication/clean-source/dist/tutorial/share/seedvr2/artifacts/2026-09-08/delivery-v1/measurements/video17-buffered-a.json
-- Installing: /home/mingshi/Project/AI/pnnx_torchdynamo/seedvr2-ncnn-vulkan/.cache/publication/clean-source/dist/tutorial/share/seedvr2/artifacts/2026-09-08/delivery-v1/measurements/video17-buffered-a.stderr
-- Installing: /home/mingshi/Project/AI/pnnx_torchdynamo/seedvr2-ncnn-vulkan/.cache/publication/clean-source/dist/tutorial/share/seedvr2/artifacts/2026-09-08/delivery-v1/measurements/video17-buffered-a.stdout
-- Installing: /home/mingshi/Project/AI/pnnx_torchdynamo/seedvr2-ncnn-vulkan/.cache/publication/clean-source/dist/tutorial/share/seedvr2/artifacts/2026-09-08/delivery-v1/measurements/video17-buffered-b.json
-- Installing: /home/mingshi/Project/AI/pnnx_torchdynamo/seedvr2-ncnn-vulkan/.cache/publication/clean-source/dist/tutorial/share/seedvr2/artifacts/2026-09-08/delivery-v1/measurements/video17-buffered-b.stderr
-- Installing: /home/mingshi/Project/AI/pnnx_torchdynamo/seedvr2-ncnn-vulkan/.cache/publication/clean-source/dist/tutorial/share/seedvr2/artifacts/2026-09-08/delivery-v1/measurements/video17-buffered-b.stdout
-- Installing: /home/mingshi/Project/AI/pnnx_torchdynamo/seedvr2-ncnn-vulkan/.cache/publication/clean-source/dist/tutorial/share/seedvr2/artifacts/2026-09-08/delivery-v1/measurements/video17-mapped-a.json
-- Installing: /home/mingshi/Project/AI/pnnx_torchdynamo/seedvr2-ncnn-vulkan/.cache/publication/clean-source/dist/tutorial/share/seedvr2/artifacts/2026-09-08/delivery-v1/measurements/video17-mapped-a.stderr
-- Installing: /home/mingshi/Project/AI/pnnx_torchdynamo/seedvr2-ncnn-vulkan/.cache/publication/clean-source/dist/tutorial/share/seedvr2/artifacts/2026-09-08/delivery-v1/measurements/video17-mapped-a.stdout
-- Installing: /home/mingshi/Project/AI/pnnx_torchdynamo/seedvr2-ncnn-vulkan/.cache/publication/clean-source/dist/tutorial/share/seedvr2/artifacts/2026-09-08/delivery-v1/measurements/video17-mapped-b.json
-- Installing: /home/mingshi/Project/AI/pnnx_torchdynamo/seedvr2-ncnn-vulkan/.cache/publication/clean-source/dist/tutorial/share/seedvr2/artifacts/2026-09-08/delivery-v1/measurements/video17-mapped-b.stderr
-- Installing: /home/mingshi/Project/AI/pnnx_torchdynamo/seedvr2-ncnn-vulkan/.cache/publication/clean-source/dist/tutorial/share/seedvr2/artifacts/2026-09-08/delivery-v1/measurements/video17-mapped-b.stdout
-- Installing: /home/mingshi/Project/AI/pnnx_torchdynamo/seedvr2-ncnn-vulkan/.cache/publication/clean-source/dist/tutorial/share/seedvr2/artifacts/2026-09-08/delivery-v1/native-first-use.json
-- Installing: /home/mingshi/Project/AI/pnnx_torchdynamo/seedvr2-ncnn-vulkan/.cache/publication/clean-source/dist/tutorial/share/seedvr2/artifacts/2026-09-08/delivery-v1/natural-jpeg-before-fix-reference.json
-- Installing: /home/mingshi/Project/AI/pnnx_torchdynamo/seedvr2-ncnn-vulkan/.cache/publication/clean-source/dist/tutorial/share/seedvr2/artifacts/2026-09-08/delivery-v1/natural-jpeg-before-fix-run.json
-- Installing: /home/mingshi/Project/AI/pnnx_torchdynamo/seedvr2-ncnn-vulkan/.cache/publication/clean-source/dist/tutorial/share/seedvr2/artifacts/2026-09-08/delivery-v1/natural-jpeg-fixed-parity.json
-- Installing: /home/mingshi/Project/AI/pnnx_torchdynamo/seedvr2-ncnn-vulkan/.cache/publication/clean-source/dist/tutorial/share/seedvr2/artifacts/2026-09-08/delivery-v1/natural-jpeg-fixed-run.json
-- Installing: /home/mingshi/Project/AI/pnnx_torchdynamo/seedvr2-ncnn-vulkan/.cache/publication/clean-source/dist/tutorial/share/seedvr2/artifacts/2026-09-08/delivery-v1/natural-photo-quality
-- Installing: /home/mingshi/Project/AI/pnnx_torchdynamo/seedvr2-ncnn-vulkan/.cache/publication/clean-source/dist/tutorial/share/seedvr2/artifacts/2026-09-08/delivery-v1/natural-photo-quality/comparison-input.png
-- Installing: /home/mingshi/Project/AI/pnnx_torchdynamo/seedvr2-ncnn-vulkan/.cache/publication/clean-source/dist/tutorial/share/seedvr2/artifacts/2026-09-08/delivery-v1/natural-photo-quality/comparison.png
-- Installing: /home/mingshi/Project/AI/pnnx_torchdynamo/seedvr2-ncnn-vulkan/.cache/publication/clean-source/dist/tutorial/share/seedvr2/artifacts/2026-09-08/delivery-v1/natural-photo-quality/official-reference.png
-- Installing: /home/mingshi/Project/AI/pnnx_torchdynamo/seedvr2-ncnn-vulkan/.cache/publication/clean-source/dist/tutorial/share/seedvr2/artifacts/2026-09-08/delivery-v1/natural-photo-quality/output.png
-- Installing: /home/mingshi/Project/AI/pnnx_torchdynamo/seedvr2-ncnn-vulkan/.cache/publication/clean-source/dist/tutorial/share/seedvr2/artifacts/2026-09-08/delivery-v1/natural-photo-quality/report.json
-- Installing: /home/mingshi/Project/AI/pnnx_torchdynamo/seedvr2-ncnn-vulkan/.cache/publication/clean-source/dist/tutorial/share/seedvr2/artifacts/2026-09-08/delivery-v1/ncnn-upstream-comparison.json
-- Installing: /home/mingshi/Project/AI/pnnx_torchdynamo/seedvr2-ncnn-vulkan/.cache/publication/clean-source/dist/tutorial/share/seedvr2/artifacts/2026-09-08/delivery-v1/official-model-current.json
-- Installing: /home/mingshi/Project/AI/pnnx_torchdynamo/seedvr2-ncnn-vulkan/.cache/publication/clean-source/dist/tutorial/share/seedvr2/artifacts/2026-09-08/delivery-v1/offline-before-jpeg-fix.json
-- Installing: /home/mingshi/Project/AI/pnnx_torchdynamo/seedvr2-ncnn-vulkan/.cache/publication/clean-source/dist/tutorial/share/seedvr2/artifacts/2026-09-08/delivery-v1/offline-delivery.json
-- Installing: /home/mingshi/Project/AI/pnnx_torchdynamo/seedvr2-ncnn-vulkan/.cache/publication/clean-source/dist/tutorial/share/seedvr2/artifacts/2026-09-08/delivery-v1/offline-namespace-first-attempt.json
-- Installing: /home/mingshi/Project/AI/pnnx_torchdynamo/seedvr2-ncnn-vulkan/.cache/publication/clean-source/dist/tutorial/share/seedvr2/artifacts/2026-09-08/delivery-v1/offline
-- Installing: /home/mingshi/Project/AI/pnnx_torchdynamo/seedvr2-ncnn-vulkan/.cache/publication/clean-source/dist/tutorial/share/seedvr2/artifacts/2026-09-08/delivery-v1/offline/check.sh
-- Installing: /home/mingshi/Project/AI/pnnx_torchdynamo/seedvr2-ncnn-vulkan/.cache/publication/clean-source/dist/tutorial/share/seedvr2/artifacts/2026-09-08/delivery-v1/offline/cpu.json
-- Installing: /home/mingshi/Project/AI/pnnx_torchdynamo/seedvr2-ncnn-vulkan/.cache/publication/clean-source/dist/tutorial/share/seedvr2/artifacts/2026-09-08/delivery-v1/offline/network-namespace.txt
-- Installing: /home/mingshi/Project/AI/pnnx_torchdynamo/seedvr2-ncnn-vulkan/.cache/publication/clean-source/dist/tutorial/share/seedvr2/artifacts/2026-09-08/delivery-v1/offline/network-routes.txt
-- Installing: /home/mingshi/Project/AI/pnnx_torchdynamo/seedvr2-ncnn-vulkan/.cache/publication/clean-source/dist/tutorial/share/seedvr2/artifacts/2026-09-08/delivery-v1/offline/sdk-build.log
-- Installing: /home/mingshi/Project/AI/pnnx_torchdynamo/seedvr2-ncnn-vulkan/.cache/publication/clean-source/dist/tutorial/share/seedvr2/artifacts/2026-09-08/delivery-v1/offline/sdk-smoke.json
-- Installing: /home/mingshi/Project/AI/pnnx_torchdynamo/seedvr2-ncnn-vulkan/.cache/publication/clean-source/dist/tutorial/share/seedvr2/artifacts/2026-09-08/delivery-v1/offline/stderr
-- Installing: /home/mingshi/Project/AI/pnnx_torchdynamo/seedvr2-ncnn-vulkan/.cache/publication/clean-source/dist/tutorial/share/seedvr2/artifacts/2026-09-08/delivery-v1/same-input-blocks-baseline.json
-- Installing: /home/mingshi/Project/AI/pnnx_torchdynamo/seedvr2-ncnn-vulkan/.cache/publication/clean-source/dist/tutorial/share/seedvr2/artifacts/2026-09-08/delivery-v1/same-input-blocks-new-buffered.json
-- Installing: /home/mingshi/Project/AI/pnnx_torchdynamo/seedvr2-ncnn-vulkan/.cache/publication/clean-source/dist/tutorial/share/seedvr2/artifacts/2026-09-08/delivery-v1/same-input-blocks-new-mapped.json
-- Installing: /home/mingshi/Project/AI/pnnx_torchdynamo/seedvr2-ncnn-vulkan/.cache/publication/clean-source/dist/tutorial/share/seedvr2/artifacts/2026-09-08/delivery-v1/same-input-cases
-- Installing: /home/mingshi/Project/AI/pnnx_torchdynamo/seedvr2-ncnn-vulkan/.cache/publication/clean-source/dist/tutorial/share/seedvr2/artifacts/2026-09-08/delivery-v1/same-input-cases/official-trajectory-block-19
-- Installing: /home/mingshi/Project/AI/pnnx_torchdynamo/seedvr2-ncnn-vulkan/.cache/publication/clean-source/dist/tutorial/share/seedvr2/artifacts/2026-09-08/delivery-v1/same-input-cases/official-trajectory-block-19/case.json
-- Installing: /home/mingshi/Project/AI/pnnx_torchdynamo/seedvr2-ncnn-vulkan/.cache/publication/clean-source/dist/tutorial/share/seedvr2/artifacts/2026-09-08/delivery-v1/same-input-cases/official-trajectory-block-31
-- Installing: /home/mingshi/Project/AI/pnnx_torchdynamo/seedvr2-ncnn-vulkan/.cache/publication/clean-source/dist/tutorial/share/seedvr2/artifacts/2026-09-08/delivery-v1/same-input-cases/official-trajectory-block-31/case.json
-- Installing: /home/mingshi/Project/AI/pnnx_torchdynamo/seedvr2-ncnn-vulkan/.cache/publication/clean-source/dist/tutorial/share/seedvr2/artifacts/2026-09-08/delivery-v1/same-input-cases/suite.json
-- Installing: /home/mingshi/Project/AI/pnnx_torchdynamo/seedvr2-ncnn-vulkan/.cache/publication/clean-source/dist/tutorial/share/seedvr2/artifacts/2026-09-08/delivery-v1/sdk-smoke.json
-- Installing: /home/mingshi/Project/AI/pnnx_torchdynamo/seedvr2-ncnn-vulkan/.cache/publication/clean-source/dist/tutorial/share/seedvr2/artifacts/2026-09-08/delivery-v1/validator-replay-summary.json
-- Installing: /home/mingshi/Project/AI/pnnx_torchdynamo/seedvr2-ncnn-vulkan/.cache/publication/clean-source/dist/tutorial/share/seedvr2/artifacts/2026-09-08/delivery-v1/verification-hardening.json
-- Installing: /home/mingshi/Project/AI/pnnx_torchdynamo/seedvr2-ncnn-vulkan/.cache/publication/clean-source/dist/tutorial/share/seedvr2/artifacts/2026-09-08/delivery-v1/video-job.json
-- Installing: /home/mingshi/Project/AI/pnnx_torchdynamo/seedvr2-ncnn-vulkan/.cache/publication/clean-source/dist/tutorial/share/seedvr2/artifacts/2026-09-08/delivery-v1/video-jobs.json
-- Installing: /home/mingshi/Project/AI/pnnx_torchdynamo/seedvr2-ncnn-vulkan/.cache/publication/clean-source/dist/tutorial/share/seedvr2/artifacts/2026-09-08/delivery-v1/video-mp4-probe.json
-- Installing: /home/mingshi/Project/AI/pnnx_torchdynamo/seedvr2-ncnn-vulkan/.cache/publication/clean-source/dist/tutorial/share/seedvr2/artifacts/2026-09-08/delivery-v1/video-run-cpu-v1-reviewed-replay.json
-- Installing: /home/mingshi/Project/AI/pnnx_torchdynamo/seedvr2-ncnn-vulkan/.cache/publication/clean-source/dist/tutorial/share/seedvr2/artifacts/2026-09-08/delivery-v1/video-run-final-seventeen-reviewed-replay.json
-- Installing: /home/mingshi/Project/AI/pnnx_torchdynamo/seedvr2-ncnn-vulkan/.cache/publication/clean-source/dist/tutorial/share/seedvr2/artifacts/2026-09-08/delivery-v1/video-run-final-six-reviewed-replay.json
-- Installing: /home/mingshi/Project/AI/pnnx_torchdynamo/seedvr2-ncnn-vulkan/.cache/publication/clean-source/dist/tutorial/share/seedvr2/artifacts/2026-09-08/delivery-v1/video17-buffered-a-parity.json
-- Installing: /home/mingshi/Project/AI/pnnx_torchdynamo/seedvr2-ncnn-vulkan/.cache/publication/clean-source/dist/tutorial/share/seedvr2/artifacts/2026-09-08/delivery-v1/video17-buffered-b-parity.json
-- Installing: /home/mingshi/Project/AI/pnnx_torchdynamo/seedvr2-ncnn-vulkan/.cache/publication/clean-source/dist/tutorial/share/seedvr2/artifacts/2026-09-08/delivery-v1/video17-mapped-a-parity.json
-- Installing: /home/mingshi/Project/AI/pnnx_torchdynamo/seedvr2-ncnn-vulkan/.cache/publication/clean-source/dist/tutorial/share/seedvr2/artifacts/2026-09-08/delivery-v1/video17-mapped-b-parity.json
-- Installing: /home/mingshi/Project/AI/pnnx_torchdynamo/seedvr2-ncnn-vulkan/.cache/publication/clean-source/dist/tutorial/share/seedvr2/artifacts/2026-09-08/delivery-v1/web.json
-- Installing: /home/mingshi/Project/AI/pnnx_torchdynamo/seedvr2-ncnn-vulkan/.cache/publication/clean-source/dist/tutorial/share/seedvr2/artifacts/2026-09-08/delivery-v1/weight-io-experiment.json
-- Installing: /home/mingshi/Project/AI/pnnx_torchdynamo/seedvr2-ncnn-vulkan/.cache/publication/clean-source/dist/tutorial/share/seedvr2/artifacts/2026-09-08/delivery-v1/worker-validation-logs.json
-- Installing: /home/mingshi/Project/AI/pnnx_torchdynamo/seedvr2-ncnn-vulkan/.cache/publication/clean-source/dist/tutorial/share/seedvr2/artifacts/2026-09-08/video-numerics-v1
-- Installing: /home/mingshi/Project/AI/pnnx_torchdynamo/seedvr2-ncnn-vulkan/.cache/publication/clean-source/dist/tutorial/share/seedvr2/artifacts/2026-09-08/video-numerics-v1/README.md
-- Installing: /home/mingshi/Project/AI/pnnx_torchdynamo/seedvr2-ncnn-vulkan/.cache/publication/clean-source/dist/tutorial/share/seedvr2/artifacts/2026-09-08/video-numerics-v1/awa-regression.json
-- Installing: /home/mingshi/Project/AI/pnnx_torchdynamo/seedvr2-ncnn-vulkan/.cache/publication/clean-source/dist/tutorial/share/seedvr2/artifacts/2026-09-08/video-numerics-v1/implementations
-- Installing: /home/mingshi/Project/AI/pnnx_torchdynamo/seedvr2-ncnn-vulkan/.cache/publication/clean-source/dist/tutorial/share/seedvr2/artifacts/2026-09-08/video-numerics-v1/implementations/direct-vae-implementation-v1
-- Installing: /home/mingshi/Project/AI/pnnx_torchdynamo/seedvr2-ncnn-vulkan/.cache/publication/clean-source/dist/tutorial/share/seedvr2/artifacts/2026-09-08/video-numerics-v1/implementations/direct-vae-implementation-v1/awa.cpp
-- Installing: /home/mingshi/Project/AI/pnnx_torchdynamo/seedvr2-ncnn-vulkan/.cache/publication/clean-source/dist/tutorial/share/seedvr2/artifacts/2026-09-08/video-numerics-v1/implementations/direct-vae-implementation-v1/awa.hpp
-- Installing: /home/mingshi/Project/AI/pnnx_torchdynamo/seedvr2-ncnn-vulkan/.cache/publication/clean-source/dist/tutorial/share/seedvr2/artifacts/2026-09-08/video-numerics-v1/implementations/direct-vae-implementation-v1/awa_gather.comp
-- Installing: /home/mingshi/Project/AI/pnnx_torchdynamo/seedvr2-ncnn-vulkan/.cache/publication/clean-source/dist/tutorial/share/seedvr2/artifacts/2026-09-08/video-numerics-v1/implementations/direct-vae-implementation-v1/graph.hpp
-- Installing: /home/mingshi/Project/AI/pnnx_torchdynamo/seedvr2-ncnn-vulkan/.cache/publication/clean-source/dist/tutorial/share/seedvr2/artifacts/2026-09-08/video-numerics-v1/implementations/direct-vae-implementation-v1/identity.json
-- Installing: /home/mingshi/Project/AI/pnnx_torchdynamo/seedvr2-ncnn-vulkan/.cache/publication/clean-source/dist/tutorial/share/seedvr2/artifacts/2026-09-08/video-numerics-v1/implementations/direct-vae-implementation-v1/image_io.cpp
-- Installing: /home/mingshi/Project/AI/pnnx_torchdynamo/seedvr2-ncnn-vulkan/.cache/publication/clean-source/dist/tutorial/share/seedvr2/artifacts/2026-09-08/video-numerics-v1/implementations/direct-vae-implementation-v1/video_layers.cpp
-- Installing: /home/mingshi/Project/AI/pnnx_torchdynamo/seedvr2-ncnn-vulkan/.cache/publication/clean-source/dist/tutorial/share/seedvr2/artifacts/2026-09-08/video-numerics-v1/implementations/fma-implementation-v1
-- Installing: /home/mingshi/Project/AI/pnnx_torchdynamo/seedvr2-ncnn-vulkan/.cache/publication/clean-source/dist/tutorial/share/seedvr2/artifacts/2026-09-08/video-numerics-v1/implementations/fma-implementation-v1/identity.json
-- Installing: /home/mingshi/Project/AI/pnnx_torchdynamo/seedvr2-ncnn-vulkan/.cache/publication/clean-source/dist/tutorial/share/seedvr2/artifacts/2026-09-08/video-numerics-v1/implementations/fma-implementation-v1/source
-- Installing: /home/mingshi/Project/AI/pnnx_torchdynamo/seedvr2-ncnn-vulkan/.cache/publication/clean-source/dist/tutorial/share/seedvr2/artifacts/2026-09-08/video-numerics-v1/implementations/fma-implementation-v1/source/src
-- Installing: /home/mingshi/Project/AI/pnnx_torchdynamo/seedvr2-ncnn-vulkan/.cache/publication/clean-source/dist/tutorial/share/seedvr2/artifacts/2026-09-08/video-numerics-v1/implementations/fma-implementation-v1/source/src/engine
-- Installing: /home/mingshi/Project/AI/pnnx_torchdynamo/seedvr2-ncnn-vulkan/.cache/publication/clean-source/dist/tutorial/share/seedvr2/artifacts/2026-09-08/video-numerics-v1/implementations/fma-implementation-v1/source/src/engine/ncnn
-- Installing: /home/mingshi/Project/AI/pnnx_torchdynamo/seedvr2-ncnn-vulkan/.cache/publication/clean-source/dist/tutorial/share/seedvr2/artifacts/2026-09-08/video-numerics-v1/implementations/fma-implementation-v1/source/src/engine/ncnn/awa.cpp
-- Installing: /home/mingshi/Project/AI/pnnx_torchdynamo/seedvr2-ncnn-vulkan/.cache/publication/clean-source/dist/tutorial/share/seedvr2/artifacts/2026-09-08/video-numerics-v1/implementations/fma-implementation-v1/source/src/engine/ncnn/awa.hpp
-- Installing: /home/mingshi/Project/AI/pnnx_torchdynamo/seedvr2-ncnn-vulkan/.cache/publication/clean-source/dist/tutorial/share/seedvr2/artifacts/2026-09-08/video-numerics-v1/implementations/fma-implementation-v1/source/src/engine/ncnn/graph.hpp
-- Installing: /home/mingshi/Project/AI/pnnx_torchdynamo/seedvr2-ncnn-vulkan/.cache/publication/clean-source/dist/tutorial/share/seedvr2/artifacts/2026-09-08/video-numerics-v1/implementations/fma-implementation-v1/source/src/engine/ncnn/image_io.cpp
-- Installing: /home/mingshi/Project/AI/pnnx_torchdynamo/seedvr2-ncnn-vulkan/.cache/publication/clean-source/dist/tutorial/share/seedvr2/artifacts/2026-09-08/video-numerics-v1/implementations/fma-implementation-v1/source/src/engine/ncnn/shaders
-- Installing: /home/mingshi/Project/AI/pnnx_torchdynamo/seedvr2-ncnn-vulkan/.cache/publication/clean-source/dist/tutorial/share/seedvr2/artifacts/2026-09-08/video-numerics-v1/implementations/fma-implementation-v1/source/src/engine/ncnn/shaders/awa_gather.comp
-- Installing: /home/mingshi/Project/AI/pnnx_torchdynamo/seedvr2-ncnn-vulkan/.cache/publication/clean-source/dist/tutorial/share/seedvr2/artifacts/2026-09-08/video-numerics-v1/implementations/fma-implementation-v1/source/tests
-- Installing: /home/mingshi/Project/AI/pnnx_torchdynamo/seedvr2-ncnn-vulkan/.cache/publication/clean-source/dist/tutorial/share/seedvr2/artifacts/2026-09-08/video-numerics-v1/implementations/fma-implementation-v1/source/tests/preprocessing_tests.cpp
-- Installing: /home/mingshi/Project/AI/pnnx_torchdynamo/seedvr2-ncnn-vulkan/.cache/publication/clean-source/dist/tutorial/share/seedvr2/artifacts/2026-09-08/video-numerics-v1/implementations/numerics-final-implementation-v1
-- Installing: /home/mingshi/Project/AI/pnnx_torchdynamo/seedvr2-ncnn-vulkan/.cache/publication/clean-source/dist/tutorial/share/seedvr2/artifacts/2026-09-08/video-numerics-v1/implementations/numerics-final-implementation-v1/awa.cpp
-- Installing: /home/mingshi/Project/AI/pnnx_torchdynamo/seedvr2-ncnn-vulkan/.cache/publication/clean-source/dist/tutorial/share/seedvr2/artifacts/2026-09-08/video-numerics-v1/implementations/numerics-final-implementation-v1/awa.hpp
-- Installing: /home/mingshi/Project/AI/pnnx_torchdynamo/seedvr2-ncnn-vulkan/.cache/publication/clean-source/dist/tutorial/share/seedvr2/artifacts/2026-09-08/video-numerics-v1/implementations/numerics-final-implementation-v1/awa_gather.comp
-- Installing: /home/mingshi/Project/AI/pnnx_torchdynamo/seedvr2-ncnn-vulkan/.cache/publication/clean-source/dist/tutorial/share/seedvr2/artifacts/2026-09-08/video-numerics-v1/implementations/numerics-final-implementation-v1/awa_rope_tests.cpp
-- Installing: /home/mingshi/Project/AI/pnnx_torchdynamo/seedvr2-ncnn-vulkan/.cache/publication/clean-source/dist/tutorial/share/seedvr2/artifacts/2026-09-08/video-numerics-v1/implementations/numerics-final-implementation-v1/graph.hpp
-- Installing: /home/mingshi/Project/AI/pnnx_torchdynamo/seedvr2-ncnn-vulkan/.cache/publication/clean-source/dist/tutorial/share/seedvr2/artifacts/2026-09-08/video-numerics-v1/implementations/numerics-final-implementation-v1/identity.json
-- Installing: /home/mingshi/Project/AI/pnnx_torchdynamo/seedvr2-ncnn-vulkan/.cache/publication/clean-source/dist/tutorial/share/seedvr2/artifacts/2026-09-08/video-numerics-v1/implementations/numerics-final-implementation-v1/image_io.cpp
-- Installing: /home/mingshi/Project/AI/pnnx_torchdynamo/seedvr2-ncnn-vulkan/.cache/publication/clean-source/dist/tutorial/share/seedvr2/artifacts/2026-09-08/video-numerics-v1/implementations/numerics-final-implementation-v1/inference.hpp
-- Installing: /home/mingshi/Project/AI/pnnx_torchdynamo/seedvr2-ncnn-vulkan/.cache/publication/clean-source/dist/tutorial/share/seedvr2/artifacts/2026-09-08/video-numerics-v1/implementations/numerics-final-implementation-v1/runtime.cpp
-- Installing: /home/mingshi/Project/AI/pnnx_torchdynamo/seedvr2-ncnn-vulkan/.cache/publication/clean-source/dist/tutorial/share/seedvr2/artifacts/2026-09-08/video-numerics-v1/implementations/numerics-final-implementation-v1/video_layers.cpp
-- Installing: /home/mingshi/Project/AI/pnnx_torchdynamo/seedvr2-ncnn-vulkan/.cache/publication/clean-source/dist/tutorial/share/seedvr2/artifacts/2026-09-08/video-numerics-v1/implementations/prescale-implementation-v1
-- Installing: /home/mingshi/Project/AI/pnnx_torchdynamo/seedvr2-ncnn-vulkan/.cache/publication/clean-source/dist/tutorial/share/seedvr2/artifacts/2026-09-08/video-numerics-v1/implementations/prescale-implementation-v1/identity.json
-- Installing: /home/mingshi/Project/AI/pnnx_torchdynamo/seedvr2-ncnn-vulkan/.cache/publication/clean-source/dist/tutorial/share/seedvr2/artifacts/2026-09-08/video-numerics-v1/implementations/prescale-implementation-v1/source
-- Installing: /home/mingshi/Project/AI/pnnx_torchdynamo/seedvr2-ncnn-vulkan/.cache/publication/clean-source/dist/tutorial/share/seedvr2/artifacts/2026-09-08/video-numerics-v1/implementations/prescale-implementation-v1/source/src
-- Installing: /home/mingshi/Project/AI/pnnx_torchdynamo/seedvr2-ncnn-vulkan/.cache/publication/clean-source/dist/tutorial/share/seedvr2/artifacts/2026-09-08/video-numerics-v1/implementations/prescale-implementation-v1/source/src/engine
-- Installing: /home/mingshi/Project/AI/pnnx_torchdynamo/seedvr2-ncnn-vulkan/.cache/publication/clean-source/dist/tutorial/share/seedvr2/artifacts/2026-09-08/video-numerics-v1/implementations/prescale-implementation-v1/source/src/engine/ncnn
-- Installing: /home/mingshi/Project/AI/pnnx_torchdynamo/seedvr2-ncnn-vulkan/.cache/publication/clean-source/dist/tutorial/share/seedvr2/artifacts/2026-09-08/video-numerics-v1/implementations/prescale-implementation-v1/source/src/engine/ncnn/awa.cpp
-- Installing: /home/mingshi/Project/AI/pnnx_torchdynamo/seedvr2-ncnn-vulkan/.cache/publication/clean-source/dist/tutorial/share/seedvr2/artifacts/2026-09-08/video-numerics-v1/implementations/prescale-implementation-v1/source/src/engine/ncnn/shaders
-- Installing: /home/mingshi/Project/AI/pnnx_torchdynamo/seedvr2-ncnn-vulkan/.cache/publication/clean-source/dist/tutorial/share/seedvr2/artifacts/2026-09-08/video-numerics-v1/implementations/prescale-implementation-v1/source/src/engine/ncnn/shaders/awa_gather.comp
-- Installing: /home/mingshi/Project/AI/pnnx_torchdynamo/seedvr2-ncnn-vulkan/.cache/publication/clean-source/dist/tutorial/share/seedvr2/artifacts/2026-09-08/video-numerics-v1/implementations/prescale-implementation-v1/source/tests
-- Installing: /home/mingshi/Project/AI/pnnx_torchdynamo/seedvr2-ncnn-vulkan/.cache/publication/clean-source/dist/tutorial/share/seedvr2/artifacts/2026-09-08/video-numerics-v1/implementations/prescale-implementation-v1/source/tests/awa_rope_tests.cpp
-- Installing: /home/mingshi/Project/AI/pnnx_torchdynamo/seedvr2-ncnn-vulkan/.cache/publication/clean-source/dist/tutorial/share/seedvr2/artifacts/2026-09-08/video-numerics-v1/implementations/rope-implementation-v1
-- Installing: /home/mingshi/Project/AI/pnnx_torchdynamo/seedvr2-ncnn-vulkan/.cache/publication/clean-source/dist/tutorial/share/seedvr2/artifacts/2026-09-08/video-numerics-v1/implementations/rope-implementation-v1/identity.json
-- Installing: /home/mingshi/Project/AI/pnnx_torchdynamo/seedvr2-ncnn-vulkan/.cache/publication/clean-source/dist/tutorial/share/seedvr2/artifacts/2026-09-08/video-numerics-v1/implementations/rope-implementation-v1/source
-- Installing: /home/mingshi/Project/AI/pnnx_torchdynamo/seedvr2-ncnn-vulkan/.cache/publication/clean-source/dist/tutorial/share/seedvr2/artifacts/2026-09-08/video-numerics-v1/implementations/rope-implementation-v1/source/src
-- Installing: /home/mingshi/Project/AI/pnnx_torchdynamo/seedvr2-ncnn-vulkan/.cache/publication/clean-source/dist/tutorial/share/seedvr2/artifacts/2026-09-08/video-numerics-v1/implementations/rope-implementation-v1/source/src/engine
-- Installing: /home/mingshi/Project/AI/pnnx_torchdynamo/seedvr2-ncnn-vulkan/.cache/publication/clean-source/dist/tutorial/share/seedvr2/artifacts/2026-09-08/video-numerics-v1/implementations/rope-implementation-v1/source/src/engine/ncnn
-- Installing: /home/mingshi/Project/AI/pnnx_torchdynamo/seedvr2-ncnn-vulkan/.cache/publication/clean-source/dist/tutorial/share/seedvr2/artifacts/2026-09-08/video-numerics-v1/implementations/rope-implementation-v1/source/src/engine/ncnn/awa.cpp
-- Installing: /home/mingshi/Project/AI/pnnx_torchdynamo/seedvr2-ncnn-vulkan/.cache/publication/clean-source/dist/tutorial/share/seedvr2/artifacts/2026-09-08/video-numerics-v1/implementations/rope-implementation-v1/source/src/engine/ncnn/awa.hpp
-- Installing: /home/mingshi/Project/AI/pnnx_torchdynamo/seedvr2-ncnn-vulkan/.cache/publication/clean-source/dist/tutorial/share/seedvr2/artifacts/2026-09-08/video-numerics-v1/implementations/rope-implementation-v1/source/src/engine/ncnn/graph.hpp
-- Installing: /home/mingshi/Project/AI/pnnx_torchdynamo/seedvr2-ncnn-vulkan/.cache/publication/clean-source/dist/tutorial/share/seedvr2/artifacts/2026-09-08/video-numerics-v1/implementations/rope-implementation-v1/source/src/engine/ncnn/shaders
-- Installing: /home/mingshi/Project/AI/pnnx_torchdynamo/seedvr2-ncnn-vulkan/.cache/publication/clean-source/dist/tutorial/share/seedvr2/artifacts/2026-09-08/video-numerics-v1/implementations/rope-implementation-v1/source/src/engine/ncnn/shaders/awa_gather.comp
-- Installing: /home/mingshi/Project/AI/pnnx_torchdynamo/seedvr2-ncnn-vulkan/.cache/publication/clean-source/dist/tutorial/share/seedvr2/artifacts/2026-09-08/video-numerics-v1/implementations/rope-implementation-v1/source/tests
-- Installing: /home/mingshi/Project/AI/pnnx_torchdynamo/seedvr2-ncnn-vulkan/.cache/publication/clean-source/dist/tutorial/share/seedvr2/artifacts/2026-09-08/video-numerics-v1/implementations/rope-implementation-v1/source/tests/awa_rope_tests.cpp
-- Installing: /home/mingshi/Project/AI/pnnx_torchdynamo/seedvr2-ncnn-vulkan/.cache/publication/clean-source/dist/tutorial/share/seedvr2/artifacts/2026-09-08/video-numerics-v1/implementations/rope-implementation-v1/source/tools
-- Installing: /home/mingshi/Project/AI/pnnx_torchdynamo/seedvr2-ncnn-vulkan/.cache/publication/clean-source/dist/tutorial/share/seedvr2/artifacts/2026-09-08/video-numerics-v1/implementations/rope-implementation-v1/source/tools/trace_dit_layers.cpp
-- Installing: /home/mingshi/Project/AI/pnnx_torchdynamo/seedvr2-ncnn-vulkan/.cache/publication/clean-source/dist/tutorial/share/seedvr2/artifacts/2026-09-08/video-numerics-v1/implementations/vae-trace-implementation-v1
-- Installing: /home/mingshi/Project/AI/pnnx_torchdynamo/seedvr2-ncnn-vulkan/.cache/publication/clean-source/dist/tutorial/share/seedvr2/artifacts/2026-09-08/video-numerics-v1/implementations/vae-trace-implementation-v1/graph.hpp
-- Installing: /home/mingshi/Project/AI/pnnx_torchdynamo/seedvr2-ncnn-vulkan/.cache/publication/clean-source/dist/tutorial/share/seedvr2/artifacts/2026-09-08/video-numerics-v1/implementations/vae-trace-implementation-v1/identity.json
-- Installing: /home/mingshi/Project/AI/pnnx_torchdynamo/seedvr2-ncnn-vulkan/.cache/publication/clean-source/dist/tutorial/share/seedvr2/artifacts/2026-09-08/video-numerics-v1/implementations/vae-trace-implementation-v1/trace_vae_encoder.cpp
-- Installing: /home/mingshi/Project/AI/pnnx_torchdynamo/seedvr2-ncnn-vulkan/.cache/publication/clean-source/dist/tutorial/share/seedvr2/artifacts/2026-09-08/video-numerics-v1/implementations/vae-trace-implementation-v1/video_layers.cpp
-- Installing: /home/mingshi/Project/AI/pnnx_torchdynamo/seedvr2-ncnn-vulkan/.cache/publication/clean-source/dist/tutorial/share/seedvr2/artifacts/2026-09-08/video-numerics-v1/index.json
-- Installing: /home/mingshi/Project/AI/pnnx_torchdynamo/seedvr2-ncnn-vulkan/.cache/publication/clean-source/dist/tutorial/share/seedvr2/artifacts/2026-09-08/video-numerics-v1/install-provenance.json
-- Installing: /home/mingshi/Project/AI/pnnx_torchdynamo/seedvr2-ncnn-vulkan/.cache/publication/clean-source/dist/tutorial/share/seedvr2/artifacts/2026-09-08/video-numerics-v1/installed-web
-- Installing: /home/mingshi/Project/AI/pnnx_torchdynamo/seedvr2-ncnn-vulkan/.cache/publication/clean-source/dist/tutorial/share/seedvr2/artifacts/2026-09-08/video-numerics-v1/installed-web/browser-observation.json
-- Installing: /home/mingshi/Project/AI/pnnx_torchdynamo/seedvr2-ncnn-vulkan/.cache/publication/clean-source/dist/tutorial/share/seedvr2/artifacts/2026-09-08/video-numerics-v1/installed-web/events.json
-- Installing: /home/mingshi/Project/AI/pnnx_torchdynamo/seedvr2-ncnn-vulkan/.cache/publication/clean-source/dist/tutorial/share/seedvr2/artifacts/2026-09-08/video-numerics-v1/installed-web/execution-and-checker-path-error.log
-- Installing: /home/mingshi/Project/AI/pnnx_torchdynamo/seedvr2-ncnn-vulkan/.cache/publication/clean-source/dist/tutorial/share/seedvr2/artifacts/2026-09-08/video-numerics-v1/installed-web/ffprobe.json
-- Installing: /home/mingshi/Project/AI/pnnx_torchdynamo/seedvr2-ncnn-vulkan/.cache/publication/clean-source/dist/tutorial/share/seedvr2/artifacts/2026-09-08/video-numerics-v1/installed-web/initial-checker.py
-- Installing: /home/mingshi/Project/AI/pnnx_torchdynamo/seedvr2-ncnn-vulkan/.cache/publication/clean-source/dist/tutorial/share/seedvr2/artifacts/2026-09-08/video-numerics-v1/installed-web/job.json
-- Installing: /home/mingshi/Project/AI/pnnx_torchdynamo/seedvr2-ncnn-vulkan/.cache/publication/clean-source/dist/tutorial/share/seedvr2/artifacts/2026-09-08/video-numerics-v1/installed-web/media.json
-- Installing: /home/mingshi/Project/AI/pnnx_torchdynamo/seedvr2-ncnn-vulkan/.cache/publication/clean-source/dist/tutorial/share/seedvr2/artifacts/2026-09-08/video-numerics-v1/installed-web/output.mp4
-- Installing: /home/mingshi/Project/AI/pnnx_torchdynamo/seedvr2-ncnn-vulkan/.cache/publication/clean-source/dist/tutorial/share/seedvr2/artifacts/2026-09-08/video-numerics-v1/installed-web/previous-job-ids.json
-- Installing: /home/mingshi/Project/AI/pnnx_torchdynamo/seedvr2-ncnn-vulkan/.cache/publication/clean-source/dist/tutorial/share/seedvr2/artifacts/2026-09-08/video-numerics-v1/installed-web/run.json
-- Installing: /home/mingshi/Project/AI/pnnx_torchdynamo/seedvr2-ncnn-vulkan/.cache/publication/clean-source/dist/tutorial/share/seedvr2/artifacts/2026-09-08/video-numerics-v1/installed-web/submitted.json
-- Installing: /home/mingshi/Project/AI/pnnx_torchdynamo/seedvr2-ncnn-vulkan/.cache/publication/clean-source/dist/tutorial/share/seedvr2/artifacts/2026-09-08/video-numerics-v1/installed-web/verification.json
-- Installing: /home/mingshi/Project/AI/pnnx_torchdynamo/seedvr2-ncnn-vulkan/.cache/publication/clean-source/dist/tutorial/share/seedvr2/artifacts/2026-09-08/video-numerics-v1/installed-web/verify_result.py
-- Installing: /home/mingshi/Project/AI/pnnx_torchdynamo/seedvr2-ncnn-vulkan/.cache/publication/clean-source/dist/tutorial/share/seedvr2/artifacts/2026-09-08/video-numerics-v1/locked-source-verification.json
-- Installing: /home/mingshi/Project/AI/pnnx_torchdynamo/seedvr2-ncnn-vulkan/.cache/publication/clean-source/dist/tutorial/share/seedvr2/artifacts/2026-09-08/video-numerics-v1/logs
-- Installing: /home/mingshi/Project/AI/pnnx_torchdynamo/seedvr2-ncnn-vulkan/.cache/publication/clean-source/dist/tutorial/share/seedvr2/artifacts/2026-09-08/video-numerics-v1/logs/numerics-app-build.log
-- Installing: /home/mingshi/Project/AI/pnnx_torchdynamo/seedvr2-ncnn-vulkan/.cache/publication/clean-source/dist/tutorial/share/seedvr2/artifacts/2026-09-08/video-numerics-v1/logs/numerics-awa-isolation-complete.log
-- Installing: /home/mingshi/Project/AI/pnnx_torchdynamo/seedvr2-ncnn-vulkan/.cache/publication/clean-source/dist/tutorial/share/seedvr2/artifacts/2026-09-08/video-numerics-v1/logs/numerics-awa-regression-v1.log
-- Installing: /home/mingshi/Project/AI/pnnx_torchdynamo/seedvr2-ncnn-vulkan/.cache/publication/clean-source/dist/tutorial/share/seedvr2/artifacts/2026-09-08/video-numerics-v1/logs/numerics-final-build.log
-- Installing: /home/mingshi/Project/AI/pnnx_torchdynamo/seedvr2-ncnn-vulkan/.cache/publication/clean-source/dist/tutorial/share/seedvr2/artifacts/2026-09-08/video-numerics-v1/logs/numerics-final-packaging-build.log
-- Installing: /home/mingshi/Project/AI/pnnx_torchdynamo/seedvr2-ncnn-vulkan/.cache/publication/clean-source/dist/tutorial/share/seedvr2/artifacts/2026-09-08/video-numerics-v1/logs/numerics-install.log
-- Installing: /home/mingshi/Project/AI/pnnx_torchdynamo/seedvr2-ncnn-vulkan/.cache/publication/clean-source/dist/tutorial/share/seedvr2/artifacts/2026-09-08/video-numerics-v1/logs/numerics-installed-web-verification.log
-- Installing: /home/mingshi/Project/AI/pnnx_torchdynamo/seedvr2-ncnn-vulkan/.cache/publication/clean-source/dist/tutorial/share/seedvr2/artifacts/2026-09-08/video-numerics-v1/logs/numerics-native-ci.log
-- Installing: /home/mingshi/Project/AI/pnnx_torchdynamo/seedvr2-ncnn-vulkan/.cache/publication/clean-source/dist/tutorial/share/seedvr2/artifacts/2026-09-08/video-numerics-v1/logs/numerics-ui-build.log
-- Installing: /home/mingshi/Project/AI/pnnx_torchdynamo/seedvr2-ncnn-vulkan/.cache/publication/clean-source/dist/tutorial/share/seedvr2/artifacts/2026-09-08/video-numerics-v1/logs/numerics-vae-regression-v1.log
-- Installing: /home/mingshi/Project/AI/pnnx_torchdynamo/seedvr2-ncnn-vulkan/.cache/publication/clean-source/dist/tutorial/share/seedvr2/artifacts/2026-09-08/video-numerics-v1/manifest.json
-- Installing: /home/mingshi/Project/AI/pnnx_torchdynamo/seedvr2-ncnn-vulkan/.cache/publication/clean-source/dist/tutorial/share/seedvr2/artifacts/2026-09-08/video-numerics-v1/native-ci
-- Installing: /home/mingshi/Project/AI/pnnx_torchdynamo/seedvr2-ncnn-vulkan/.cache/publication/clean-source/dist/tutorial/share/seedvr2/artifacts/2026-09-08/video-numerics-v1/native-ci/cli.json
-- Installing: /home/mingshi/Project/AI/pnnx_torchdynamo/seedvr2-ncnn-vulkan/.cache/publication/clean-source/dist/tutorial/share/seedvr2/artifacts/2026-09-08/video-numerics-v1/native-ci/ctest.log
-- Installing: /home/mingshi/Project/AI/pnnx_torchdynamo/seedvr2-ncnn-vulkan/.cache/publication/clean-source/dist/tutorial/share/seedvr2/artifacts/2026-09-08/video-numerics-v1/native-ci/engine-boundaries.json
-- Installing: /home/mingshi/Project/AI/pnnx_torchdynamo/seedvr2-ncnn-vulkan/.cache/publication/clean-source/dist/tutorial/share/seedvr2/artifacts/2026-09-08/video-numerics-v1/native-ci/evidence-contract.log
-- Installing: /home/mingshi/Project/AI/pnnx_torchdynamo/seedvr2-ncnn-vulkan/.cache/publication/clean-source/dist/tutorial/share/seedvr2/artifacts/2026-09-08/video-numerics-v1/native-ci/first-use.json
-- Installing: /home/mingshi/Project/AI/pnnx_torchdynamo/seedvr2-ncnn-vulkan/.cache/publication/clean-source/dist/tutorial/share/seedvr2/artifacts/2026-09-08/video-numerics-v1/native-ci/mesa-regressions.log
-- Installing: /home/mingshi/Project/AI/pnnx_torchdynamo/seedvr2-ncnn-vulkan/.cache/publication/clean-source/dist/tutorial/share/seedvr2/artifacts/2026-09-08/video-numerics-v1/native-ci/mesa.json
-- Installing: /home/mingshi/Project/AI/pnnx_torchdynamo/seedvr2-ncnn-vulkan/.cache/publication/clean-source/dist/tutorial/share/seedvr2/artifacts/2026-09-08/video-numerics-v1/native-ci/mesa.stderr
-- Installing: /home/mingshi/Project/AI/pnnx_torchdynamo/seedvr2-ncnn-vulkan/.cache/publication/clean-source/dist/tutorial/share/seedvr2/artifacts/2026-09-08/video-numerics-v1/native-ci/scope.json
-- Installing: /home/mingshi/Project/AI/pnnx_torchdynamo/seedvr2-ncnn-vulkan/.cache/publication/clean-source/dist/tutorial/share/seedvr2/artifacts/2026-09-08/video-numerics-v1/native-ci/sdk-build.log
-- Installing: /home/mingshi/Project/AI/pnnx_torchdynamo/seedvr2-ncnn-vulkan/.cache/publication/clean-source/dist/tutorial/share/seedvr2/artifacts/2026-09-08/video-numerics-v1/native-ci/sdk-smoke.json
-- Installing: /home/mingshi/Project/AI/pnnx_torchdynamo/seedvr2-ncnn-vulkan/.cache/publication/clean-source/dist/tutorial/share/seedvr2/artifacts/2026-09-08/video-numerics-v1/preview
-- Installing: /home/mingshi/Project/AI/pnnx_torchdynamo/seedvr2-ncnn-vulkan/.cache/publication/clean-source/dist/tutorial/share/seedvr2/artifacts/2026-09-08/video-numerics-v1/preview/input.mp4
-- Installing: /home/mingshi/Project/AI/pnnx_torchdynamo/seedvr2-ncnn-vulkan/.cache/publication/clean-source/dist/tutorial/share/seedvr2/artifacts/2026-09-08/video-numerics-v1/preview/natural-output.png
-- Installing: /home/mingshi/Project/AI/pnnx_torchdynamo/seedvr2-ncnn-vulkan/.cache/publication/clean-source/dist/tutorial/share/seedvr2/artifacts/2026-09-08/video-numerics-v1/preview/video-cpu.mp4
-- Installing: /home/mingshi/Project/AI/pnnx_torchdynamo/seedvr2-ncnn-vulkan/.cache/publication/clean-source/dist/tutorial/share/seedvr2/artifacts/2026-09-08/video-numerics-v1/preview/video-poster.png
-- Installing: /home/mingshi/Project/AI/pnnx_torchdynamo/seedvr2-ncnn-vulkan/.cache/publication/clean-source/dist/tutorial/share/seedvr2/artifacts/2026-09-08/video-numerics-v1/preview/video-vulkan.mp4
-- Installing: /home/mingshi/Project/AI/pnnx_torchdynamo/seedvr2-ncnn-vulkan/.cache/publication/clean-source/dist/tutorial/share/seedvr2/artifacts/2026-09-08/video-numerics-v1/regressions
-- Installing: /home/mingshi/Project/AI/pnnx_torchdynamo/seedvr2-ncnn-vulkan/.cache/publication/clean-source/dist/tutorial/share/seedvr2/artifacts/2026-09-08/video-numerics-v1/regressions/awa-prescale-regression.log
-- Installing: /home/mingshi/Project/AI/pnnx_torchdynamo/seedvr2-ncnn-vulkan/.cache/publication/clean-source/dist/tutorial/share/seedvr2/artifacts/2026-09-08/video-numerics-v1/regressions/awa-rope-after-vulkan.log
-- Installing: /home/mingshi/Project/AI/pnnx_torchdynamo/seedvr2-ncnn-vulkan/.cache/publication/clean-source/dist/tutorial/share/seedvr2/artifacts/2026-09-08/video-numerics-v1/regressions/awa-rope-before-cpu.log
-- Installing: /home/mingshi/Project/AI/pnnx_torchdynamo/seedvr2-ncnn-vulkan/.cache/publication/clean-source/dist/tutorial/share/seedvr2/artifacts/2026-09-08/video-numerics-v1/regressions/awa-rope-before-debug.log
-- Installing: /home/mingshi/Project/AI/pnnx_torchdynamo/seedvr2-ncnn-vulkan/.cache/publication/clean-source/dist/tutorial/share/seedvr2/artifacts/2026-09-08/video-numerics-v1/regressions/awa-rope-before-validation-debug.log
-- Installing: /home/mingshi/Project/AI/pnnx_torchdynamo/seedvr2-ncnn-vulkan/.cache/publication/clean-source/dist/tutorial/share/seedvr2/artifacts/2026-09-08/video-numerics-v1/regressions/awa-rope-before-vulkan.log
-- Installing: /home/mingshi/Project/AI/pnnx_torchdynamo/seedvr2-ncnn-vulkan/.cache/publication/clean-source/dist/tutorial/share/seedvr2/artifacts/2026-09-08/video-numerics-v1/regressions/awa-rope-fix-build-v1.log
-- Installing: /home/mingshi/Project/AI/pnnx_torchdynamo/seedvr2-ncnn-vulkan/.cache/publication/clean-source/dist/tutorial/share/seedvr2/artifacts/2026-09-08/video-numerics-v1/regressions/awa-rope-fix-build-v2.log
-- Installing: /home/mingshi/Project/AI/pnnx_torchdynamo/seedvr2-ncnn-vulkan/.cache/publication/clean-source/dist/tutorial/share/seedvr2/artifacts/2026-09-08/video-numerics-v1/regressions/awa-rope-test-build-v1.log
-- Installing: /home/mingshi/Project/AI/pnnx_torchdynamo/seedvr2-ncnn-vulkan/.cache/publication/clean-source/dist/tutorial/share/seedvr2/artifacts/2026-09-08/video-numerics-v1/regressions/awa-sdpa-before-cpu.log
-- Installing: /home/mingshi/Project/AI/pnnx_torchdynamo/seedvr2-ncnn-vulkan/.cache/publication/clean-source/dist/tutorial/share/seedvr2/artifacts/2026-09-08/video-numerics-v1/regressions/awa-sdpa-before-vulkan.log
-- Installing: /home/mingshi/Project/AI/pnnx_torchdynamo/seedvr2-ncnn-vulkan/.cache/publication/clean-source/dist/tutorial/share/seedvr2/artifacts/2026-09-08/video-numerics-v1/regressions/awa-sdpa-fix-build-v1.log
-- Installing: /home/mingshi/Project/AI/pnnx_torchdynamo/seedvr2-ncnn-vulkan/.cache/publication/clean-source/dist/tutorial/share/seedvr2/artifacts/2026-09-08/video-numerics-v1/regressions/awa-sdpa-test-build-v1.log
-- Installing: /home/mingshi/Project/AI/pnnx_torchdynamo/seedvr2-ncnn-vulkan/.cache/publication/clean-source/dist/tutorial/share/seedvr2/artifacts/2026-09-08/video-numerics-v1/regressions/preprocessing-after.log
-- Installing: /home/mingshi/Project/AI/pnnx_torchdynamo/seedvr2-ncnn-vulkan/.cache/publication/clean-source/dist/tutorial/share/seedvr2/artifacts/2026-09-08/video-numerics-v1/regressions/preprocessing-before.log
-- Installing: /home/mingshi/Project/AI/pnnx_torchdynamo/seedvr2-ncnn-vulkan/.cache/publication/clean-source/dist/tutorial/share/seedvr2/artifacts/2026-09-08/video-numerics-v1/rejected-preprocessing
-- Installing: /home/mingshi/Project/AI/pnnx_torchdynamo/seedvr2-ncnn-vulkan/.cache/publication/clean-source/dist/tutorial/share/seedvr2/artifacts/2026-09-08/video-numerics-v1/rejected-preprocessing/fixtures
-- Installing: /home/mingshi/Project/AI/pnnx_torchdynamo/seedvr2-ncnn-vulkan/.cache/publication/clean-source/dist/tutorial/share/seedvr2/artifacts/2026-09-08/video-numerics-v1/rejected-preprocessing/fixtures/128-to-64.f32
-- Installing: /home/mingshi/Project/AI/pnnx_torchdynamo/seedvr2-ncnn-vulkan/.cache/publication/clean-source/dist/tutorial/share/seedvr2/artifacts/2026-09-08/video-numerics-v1/rejected-preprocessing/fixtures/128-to-64.rgb8
-- Installing: /home/mingshi/Project/AI/pnnx_torchdynamo/seedvr2-ncnn-vulkan/.cache/publication/clean-source/dist/tutorial/share/seedvr2/artifacts/2026-09-08/video-numerics-v1/rejected-preprocessing/fixtures/64-to-128.f32
-- Installing: /home/mingshi/Project/AI/pnnx_torchdynamo/seedvr2-ncnn-vulkan/.cache/publication/clean-source/dist/tutorial/share/seedvr2/artifacts/2026-09-08/video-numerics-v1/rejected-preprocessing/fixtures/64-to-128.rgb8
-- Installing: /home/mingshi/Project/AI/pnnx_torchdynamo/seedvr2-ncnn-vulkan/.cache/publication/clean-source/dist/tutorial/share/seedvr2/artifacts/2026-09-08/video-numerics-v1/rejected-preprocessing/fixtures/provenance.json
-- Installing: /home/mingshi/Project/AI/pnnx_torchdynamo/seedvr2-ncnn-vulkan/.cache/publication/clean-source/dist/tutorial/share/seedvr2/artifacts/2026-09-08/video-numerics-v1/rejected-preprocessing/generate_preprocessing_fixtures.py
-- Installing: /home/mingshi/Project/AI/pnnx_torchdynamo/seedvr2-ncnn-vulkan/.cache/publication/clean-source/dist/tutorial/share/seedvr2/artifacts/2026-09-08/video-numerics-v1/rejected-preprocessing/image_io.cpp
-- Installing: /home/mingshi/Project/AI/pnnx_torchdynamo/seedvr2-ncnn-vulkan/.cache/publication/clean-source/dist/tutorial/share/seedvr2/artifacts/2026-09-08/video-numerics-v1/rejected-preprocessing/preprocessing_tests.cpp
-- Installing: /home/mingshi/Project/AI/pnnx_torchdynamo/seedvr2-ncnn-vulkan/.cache/publication/clean-source/dist/tutorial/share/seedvr2/artifacts/2026-09-08/video-numerics-v1/rejected-preprocessing/resize-isolation-v1.py
-- Installing: /home/mingshi/Project/AI/pnnx_torchdynamo/seedvr2-ncnn-vulkan/.cache/publication/clean-source/dist/tutorial/share/seedvr2/artifacts/2026-09-08/video-numerics-v1/runs
-- Installing: /home/mingshi/Project/AI/pnnx_torchdynamo/seedvr2-ncnn-vulkan/.cache/publication/clean-source/dist/tutorial/share/seedvr2/artifacts/2026-09-08/video-numerics-v1/runs/natural-final-vulkan-v1
-- Installing: /home/mingshi/Project/AI/pnnx_torchdynamo/seedvr2-ncnn-vulkan/.cache/publication/clean-source/dist/tutorial/share/seedvr2/artifacts/2026-09-08/video-numerics-v1/runs/natural-final-vulkan-v1/natural-final-vulkan-v1.stderr
-- Installing: /home/mingshi/Project/AI/pnnx_torchdynamo/seedvr2-ncnn-vulkan/.cache/publication/clean-source/dist/tutorial/share/seedvr2/artifacts/2026-09-08/video-numerics-v1/runs/natural-final-vulkan-v1/natural-final-vulkan-v1.stdout
-- Installing: /home/mingshi/Project/AI/pnnx_torchdynamo/seedvr2-ncnn-vulkan/.cache/publication/clean-source/dist/tutorial/share/seedvr2/artifacts/2026-09-08/video-numerics-v1/runs/natural-final-vulkan-v1/parity.json
-- Installing: /home/mingshi/Project/AI/pnnx_torchdynamo/seedvr2-ncnn-vulkan/.cache/publication/clean-source/dist/tutorial/share/seedvr2/artifacts/2026-09-08/video-numerics-v1/runs/natural-final-vulkan-v1/run.json
-- Installing: /home/mingshi/Project/AI/pnnx_torchdynamo/seedvr2-ncnn-vulkan/.cache/publication/clean-source/dist/tutorial/share/seedvr2/artifacts/2026-09-08/video-numerics-v1/runs/video17-direct-vae-cpu-v1
-- Installing: /home/mingshi/Project/AI/pnnx_torchdynamo/seedvr2-ncnn-vulkan/.cache/publication/clean-source/dist/tutorial/share/seedvr2/artifacts/2026-09-08/video-numerics-v1/runs/video17-direct-vae-cpu-v1/parity.json
-- Installing: /home/mingshi/Project/AI/pnnx_torchdynamo/seedvr2-ncnn-vulkan/.cache/publication/clean-source/dist/tutorial/share/seedvr2/artifacts/2026-09-08/video-numerics-v1/runs/video17-direct-vae-cpu-v1/run.json
-- Installing: /home/mingshi/Project/AI/pnnx_torchdynamo/seedvr2-ncnn-vulkan/.cache/publication/clean-source/dist/tutorial/share/seedvr2/artifacts/2026-09-08/video-numerics-v1/runs/video17-direct-vae-cpu-v1/video17-direct-vae-cpu-v1.stderr
-- Installing: /home/mingshi/Project/AI/pnnx_torchdynamo/seedvr2-ncnn-vulkan/.cache/publication/clean-source/dist/tutorial/share/seedvr2/artifacts/2026-09-08/video-numerics-v1/runs/video17-direct-vae-cpu-v1/video17-direct-vae-cpu-v1.stdout
-- Installing: /home/mingshi/Project/AI/pnnx_torchdynamo/seedvr2-ncnn-vulkan/.cache/publication/clean-source/dist/tutorial/share/seedvr2/artifacts/2026-09-08/video-numerics-v1/runs/video17-final-cpu-v1
-- Installing: /home/mingshi/Project/AI/pnnx_torchdynamo/seedvr2-ncnn-vulkan/.cache/publication/clean-source/dist/tutorial/share/seedvr2/artifacts/2026-09-08/video-numerics-v1/runs/video17-final-cpu-v1/parity.json
-- Installing: /home/mingshi/Project/AI/pnnx_torchdynamo/seedvr2-ncnn-vulkan/.cache/publication/clean-source/dist/tutorial/share/seedvr2/artifacts/2026-09-08/video-numerics-v1/runs/video17-final-cpu-v1/run.json
-- Installing: /home/mingshi/Project/AI/pnnx_torchdynamo/seedvr2-ncnn-vulkan/.cache/publication/clean-source/dist/tutorial/share/seedvr2/artifacts/2026-09-08/video-numerics-v1/runs/video17-final-cpu-v1/video17-final-cpu-v1.stderr
-- Installing: /home/mingshi/Project/AI/pnnx_torchdynamo/seedvr2-ncnn-vulkan/.cache/publication/clean-source/dist/tutorial/share/seedvr2/artifacts/2026-09-08/video-numerics-v1/runs/video17-final-cpu-v1/video17-final-cpu-v1.stdout
-- Installing: /home/mingshi/Project/AI/pnnx_torchdynamo/seedvr2-ncnn-vulkan/.cache/publication/clean-source/dist/tutorial/share/seedvr2/artifacts/2026-09-08/video-numerics-v1/runs/video17-final-vulkan-v1
-- Installing: /home/mingshi/Project/AI/pnnx_torchdynamo/seedvr2-ncnn-vulkan/.cache/publication/clean-source/dist/tutorial/share/seedvr2/artifacts/2026-09-08/video-numerics-v1/runs/video17-final-vulkan-v1/parity.json
-- Installing: /home/mingshi/Project/AI/pnnx_torchdynamo/seedvr2-ncnn-vulkan/.cache/publication/clean-source/dist/tutorial/share/seedvr2/artifacts/2026-09-08/video-numerics-v1/runs/video17-final-vulkan-v1/run.json
-- Installing: /home/mingshi/Project/AI/pnnx_torchdynamo/seedvr2-ncnn-vulkan/.cache/publication/clean-source/dist/tutorial/share/seedvr2/artifacts/2026-09-08/video-numerics-v1/runs/video17-final-vulkan-v1/video17-final-vulkan-v1.stderr
-- Installing: /home/mingshi/Project/AI/pnnx_torchdynamo/seedvr2-ncnn-vulkan/.cache/publication/clean-source/dist/tutorial/share/seedvr2/artifacts/2026-09-08/video-numerics-v1/runs/video17-final-vulkan-v1/video17-final-vulkan-v1.stdout
-- Installing: /home/mingshi/Project/AI/pnnx_torchdynamo/seedvr2-ncnn-vulkan/.cache/publication/clean-source/dist/tutorial/share/seedvr2/artifacts/2026-09-08/video-numerics-v1/runs/video17-fma-cpu-v1
-- Installing: /home/mingshi/Project/AI/pnnx_torchdynamo/seedvr2-ncnn-vulkan/.cache/publication/clean-source/dist/tutorial/share/seedvr2/artifacts/2026-09-08/video-numerics-v1/runs/video17-fma-cpu-v1/parity.json
-- Installing: /home/mingshi/Project/AI/pnnx_torchdynamo/seedvr2-ncnn-vulkan/.cache/publication/clean-source/dist/tutorial/share/seedvr2/artifacts/2026-09-08/video-numerics-v1/runs/video17-fma-cpu-v1/run.json
-- Installing: /home/mingshi/Project/AI/pnnx_torchdynamo/seedvr2-ncnn-vulkan/.cache/publication/clean-source/dist/tutorial/share/seedvr2/artifacts/2026-09-08/video-numerics-v1/runs/video17-fma-cpu-v1/video17-fma-cpu-v1.stderr
-- Installing: /home/mingshi/Project/AI/pnnx_torchdynamo/seedvr2-ncnn-vulkan/.cache/publication/clean-source/dist/tutorial/share/seedvr2/artifacts/2026-09-08/video-numerics-v1/runs/video17-fma-cpu-v1/video17-fma-cpu-v1.stdout
-- Installing: /home/mingshi/Project/AI/pnnx_torchdynamo/seedvr2-ncnn-vulkan/.cache/publication/clean-source/dist/tutorial/share/seedvr2/artifacts/2026-09-08/video-numerics-v1/runs/video17-prescale-cpu-v1
-- Installing: /home/mingshi/Project/AI/pnnx_torchdynamo/seedvr2-ncnn-vulkan/.cache/publication/clean-source/dist/tutorial/share/seedvr2/artifacts/2026-09-08/video-numerics-v1/runs/video17-prescale-cpu-v1/parity.json
-- Installing: /home/mingshi/Project/AI/pnnx_torchdynamo/seedvr2-ncnn-vulkan/.cache/publication/clean-source/dist/tutorial/share/seedvr2/artifacts/2026-09-08/video-numerics-v1/runs/video17-prescale-cpu-v1/run.json
-- Installing: /home/mingshi/Project/AI/pnnx_torchdynamo/seedvr2-ncnn-vulkan/.cache/publication/clean-source/dist/tutorial/share/seedvr2/artifacts/2026-09-08/video-numerics-v1/runs/video17-prescale-cpu-v1/video17-prescale-cpu-v1.stderr
-- Installing: /home/mingshi/Project/AI/pnnx_torchdynamo/seedvr2-ncnn-vulkan/.cache/publication/clean-source/dist/tutorial/share/seedvr2/artifacts/2026-09-08/video-numerics-v1/runs/video17-prescale-cpu-v1/video17-prescale-cpu-v1.stdout
-- Installing: /home/mingshi/Project/AI/pnnx_torchdynamo/seedvr2-ncnn-vulkan/.cache/publication/clean-source/dist/tutorial/share/seedvr2/artifacts/2026-09-08/video-numerics-v1/runs/video17-prescale-v1
-- Installing: /home/mingshi/Project/AI/pnnx_torchdynamo/seedvr2-ncnn-vulkan/.cache/publication/clean-source/dist/tutorial/share/seedvr2/artifacts/2026-09-08/video-numerics-v1/runs/video17-prescale-v1/parity.json
-- Installing: /home/mingshi/Project/AI/pnnx_torchdynamo/seedvr2-ncnn-vulkan/.cache/publication/clean-source/dist/tutorial/share/seedvr2/artifacts/2026-09-08/video-numerics-v1/runs/video17-prescale-v1/run.json
-- Installing: /home/mingshi/Project/AI/pnnx_torchdynamo/seedvr2-ncnn-vulkan/.cache/publication/clean-source/dist/tutorial/share/seedvr2/artifacts/2026-09-08/video-numerics-v1/runs/video17-prescale-v1/video17-prescale-v1.stderr
-- Installing: /home/mingshi/Project/AI/pnnx_torchdynamo/seedvr2-ncnn-vulkan/.cache/publication/clean-source/dist/tutorial/share/seedvr2/artifacts/2026-09-08/video-numerics-v1/runs/video17-prescale-v1/video17-prescale-v1.stdout
-- Installing: /home/mingshi/Project/AI/pnnx_torchdynamo/seedvr2-ncnn-vulkan/.cache/publication/clean-source/dist/tutorial/share/seedvr2/artifacts/2026-09-08/video-numerics-v1/runs/video17-rope-v1
-- Installing: /home/mingshi/Project/AI/pnnx_torchdynamo/seedvr2-ncnn-vulkan/.cache/publication/clean-source/dist/tutorial/share/seedvr2/artifacts/2026-09-08/video-numerics-v1/runs/video17-rope-v1/parity.json
-- Installing: /home/mingshi/Project/AI/pnnx_torchdynamo/seedvr2-ncnn-vulkan/.cache/publication/clean-source/dist/tutorial/share/seedvr2/artifacts/2026-09-08/video-numerics-v1/runs/video17-rope-v1/run.json
-- Installing: /home/mingshi/Project/AI/pnnx_torchdynamo/seedvr2-ncnn-vulkan/.cache/publication/clean-source/dist/tutorial/share/seedvr2/artifacts/2026-09-08/video-numerics-v1/runs/video17-rope-v1/video17-rope-v1.stderr
-- Installing: /home/mingshi/Project/AI/pnnx_torchdynamo/seedvr2-ncnn-vulkan/.cache/publication/clean-source/dist/tutorial/share/seedvr2/artifacts/2026-09-08/video-numerics-v1/runs/video17-rope-v1/video17-rope-v1.stdout
-- Installing: /home/mingshi/Project/AI/pnnx_torchdynamo/seedvr2-ncnn-vulkan/.cache/publication/clean-source/dist/tutorial/share/seedvr2/artifacts/2026-09-08/video-numerics-v1/runs/video6-final-vulkan-v1
-- Installing: /home/mingshi/Project/AI/pnnx_torchdynamo/seedvr2-ncnn-vulkan/.cache/publication/clean-source/dist/tutorial/share/seedvr2/artifacts/2026-09-08/video-numerics-v1/runs/video6-final-vulkan-v1/parity.json
-- Installing: /home/mingshi/Project/AI/pnnx_torchdynamo/seedvr2-ncnn-vulkan/.cache/publication/clean-source/dist/tutorial/share/seedvr2/artifacts/2026-09-08/video-numerics-v1/runs/video6-final-vulkan-v1/run.json
-- Installing: /home/mingshi/Project/AI/pnnx_torchdynamo/seedvr2-ncnn-vulkan/.cache/publication/clean-source/dist/tutorial/share/seedvr2/artifacts/2026-09-08/video-numerics-v1/runs/video6-final-vulkan-v1/video6-final-vulkan-v1.stderr
-- Installing: /home/mingshi/Project/AI/pnnx_torchdynamo/seedvr2-ncnn-vulkan/.cache/publication/clean-source/dist/tutorial/share/seedvr2/artifacts/2026-09-08/video-numerics-v1/runs/video6-final-vulkan-v1/video6-final-vulkan-v1.stdout
-- Installing: /home/mingshi/Project/AI/pnnx_torchdynamo/seedvr2-ncnn-vulkan/.cache/publication/clean-source/dist/tutorial/share/seedvr2/artifacts/2026-09-08/video-numerics-v1/source-identity.json
-- Installing: /home/mingshi/Project/AI/pnnx_torchdynamo/seedvr2-ncnn-vulkan/.cache/publication/clean-source/dist/tutorial/share/seedvr2/artifacts/2026-09-08/video-numerics-v1/summary.json
-- Installing: /home/mingshi/Project/AI/pnnx_torchdynamo/seedvr2-ncnn-vulkan/.cache/publication/clean-source/dist/tutorial/share/seedvr2/artifacts/2026-09-08/video-numerics-v1/traces
-- Installing: /home/mingshi/Project/AI/pnnx_torchdynamo/seedvr2-ncnn-vulkan/.cache/publication/clean-source/dist/tutorial/share/seedvr2/artifacts/2026-09-08/video-numerics-v1/traces/dit-isolation-cpu-official-v1
-- Installing: /home/mingshi/Project/AI/pnnx_torchdynamo/seedvr2-ncnn-vulkan/.cache/publication/clean-source/dist/tutorial/share/seedvr2/artifacts/2026-09-08/video-numerics-v1/traces/dit-isolation-cpu-official-v1/report.json
-- Installing: /home/mingshi/Project/AI/pnnx_torchdynamo/seedvr2-ncnn-vulkan/.cache/publication/clean-source/dist/tutorial/share/seedvr2/artifacts/2026-09-08/video-numerics-v1/traces/dit-isolation-native-block0-v1
-- Installing: /home/mingshi/Project/AI/pnnx_torchdynamo/seedvr2-ncnn-vulkan/.cache/publication/clean-source/dist/tutorial/share/seedvr2/artifacts/2026-09-08/video-numerics-v1/traces/dit-isolation-native-block0-v1/report.json
-- Installing: /home/mingshi/Project/AI/pnnx_torchdynamo/seedvr2-ncnn-vulkan/.cache/publication/clean-source/dist/tutorial/share/seedvr2/artifacts/2026-09-08/video-numerics-v1/traces/dit-isolation-official-rope-v1
-- Installing: /home/mingshi/Project/AI/pnnx_torchdynamo/seedvr2-ncnn-vulkan/.cache/publication/clean-source/dist/tutorial/share/seedvr2/artifacts/2026-09-08/video-numerics-v1/traces/dit-isolation-official-rope-v1/report.json
-- Installing: /home/mingshi/Project/AI/pnnx_torchdynamo/seedvr2-ncnn-vulkan/.cache/publication/clean-source/dist/tutorial/share/seedvr2/artifacts/2026-09-08/video-numerics-v1/traces/dit-isolation-official-v1
-- Installing: /home/mingshi/Project/AI/pnnx_torchdynamo/seedvr2-ncnn-vulkan/.cache/publication/clean-source/dist/tutorial/share/seedvr2/artifacts/2026-09-08/video-numerics-v1/traces/dit-isolation-official-v1/report.json
-- Installing: /home/mingshi/Project/AI/pnnx_torchdynamo/seedvr2-ncnn-vulkan/.cache/publication/clean-source/dist/tutorial/share/seedvr2/artifacts/2026-09-08/video-numerics-v1/traces/dit-layer-cpu16-prescale-v1
-- Installing: /home/mingshi/Project/AI/pnnx_torchdynamo/seedvr2-ncnn-vulkan/.cache/publication/clean-source/dist/tutorial/share/seedvr2/artifacts/2026-09-08/video-numerics-v1/traces/dit-layer-cpu16-prescale-v1/isolation.json
-- Installing: /home/mingshi/Project/AI/pnnx_torchdynamo/seedvr2-ncnn-vulkan/.cache/publication/clean-source/dist/tutorial/share/seedvr2/artifacts/2026-09-08/video-numerics-v1/traces/dit-layer-cpu16-prescale-v1/report.json
-- Installing: /home/mingshi/Project/AI/pnnx_torchdynamo/seedvr2-ncnn-vulkan/.cache/publication/clean-source/dist/tutorial/share/seedvr2/artifacts/2026-09-08/video-numerics-v1/traces/dit-layer-native16-prescale-v1
-- Installing: /home/mingshi/Project/AI/pnnx_torchdynamo/seedvr2-ncnn-vulkan/.cache/publication/clean-source/dist/tutorial/share/seedvr2/artifacts/2026-09-08/video-numerics-v1/traces/dit-layer-native16-prescale-v1/isolation-complete.json
-- Installing: /home/mingshi/Project/AI/pnnx_torchdynamo/seedvr2-ncnn-vulkan/.cache/publication/clean-source/dist/tutorial/share/seedvr2/artifacts/2026-09-08/video-numerics-v1/traces/dit-layer-native16-prescale-v1/report.json
-- Installing: /home/mingshi/Project/AI/pnnx_torchdynamo/seedvr2-ncnn-vulkan/.cache/publication/clean-source/dist/tutorial/share/seedvr2/artifacts/2026-09-08/video-numerics-v1/traces/dit-layer-native16-rope-v1
-- Installing: /home/mingshi/Project/AI/pnnx_torchdynamo/seedvr2-ncnn-vulkan/.cache/publication/clean-source/dist/tutorial/share/seedvr2/artifacts/2026-09-08/video-numerics-v1/traces/dit-layer-native16-rope-v1/isolation.json
-- Installing: /home/mingshi/Project/AI/pnnx_torchdynamo/seedvr2-ncnn-vulkan/.cache/publication/clean-source/dist/tutorial/share/seedvr2/artifacts/2026-09-08/video-numerics-v1/traces/dit-layer-native16-rope-v1/report.json
-- Installing: /home/mingshi/Project/AI/pnnx_torchdynamo/seedvr2-ncnn-vulkan/.cache/publication/clean-source/dist/tutorial/share/seedvr2/artifacts/2026-09-08/video-numerics-v1/traces/dit-layer-native16-v1
-- Installing: /home/mingshi/Project/AI/pnnx_torchdynamo/seedvr2-ncnn-vulkan/.cache/publication/clean-source/dist/tutorial/share/seedvr2/artifacts/2026-09-08/video-numerics-v1/traces/dit-layer-native16-v1/report.json
-- Installing: /home/mingshi/Project/AI/pnnx_torchdynamo/seedvr2-ncnn-vulkan/.cache/publication/clean-source/dist/tutorial/share/seedvr2/artifacts/2026-09-08/video-numerics-v1/traces/dit-layer-native16-v2
-- Installing: /home/mingshi/Project/AI/pnnx_torchdynamo/seedvr2-ncnn-vulkan/.cache/publication/clean-source/dist/tutorial/share/seedvr2/artifacts/2026-09-08/video-numerics-v1/traces/dit-layer-native16-v2/isolation-axis.json
-- Installing: /home/mingshi/Project/AI/pnnx_torchdynamo/seedvr2-ncnn-vulkan/.cache/publication/clean-source/dist/tutorial/share/seedvr2/artifacts/2026-09-08/video-numerics-v1/traces/dit-layer-native16-v2/isolation.json
-- Installing: /home/mingshi/Project/AI/pnnx_torchdynamo/seedvr2-ncnn-vulkan/.cache/publication/clean-source/dist/tutorial/share/seedvr2/artifacts/2026-09-08/video-numerics-v1/traces/dit-layer-native16-v2/report.json
-- Installing: /home/mingshi/Project/AI/pnnx_torchdynamo/seedvr2-ncnn-vulkan/.cache/publication/clean-source/dist/tutorial/share/seedvr2/artifacts/2026-09-08/video-numerics-v1/traces/dit-layer-official16-v1
-- Installing: /home/mingshi/Project/AI/pnnx_torchdynamo/seedvr2-ncnn-vulkan/.cache/publication/clean-source/dist/tutorial/share/seedvr2/artifacts/2026-09-08/video-numerics-v1/traces/dit-layer-official16-v1/report.json
-- Installing: /home/mingshi/Project/AI/pnnx_torchdynamo/seedvr2-ncnn-vulkan/.cache/publication/clean-source/dist/tutorial/share/seedvr2/artifacts/2026-09-08/video-numerics-v1/traces/vae-encoder-direct-v1
-- Installing: /home/mingshi/Project/AI/pnnx_torchdynamo/seedvr2-ncnn-vulkan/.cache/publication/clean-source/dist/tutorial/share/seedvr2/artifacts/2026-09-08/video-numerics-v1/traces/vae-encoder-direct-v1/report.json
-- Installing: /home/mingshi/Project/AI/pnnx_torchdynamo/seedvr2-ncnn-vulkan/.cache/publication/clean-source/dist/tutorial/share/seedvr2/artifacts/2026-09-08/video-numerics-v1/traces/vae-encoder-sgemm-v1
-- Installing: /home/mingshi/Project/AI/pnnx_torchdynamo/seedvr2-ncnn-vulkan/.cache/publication/clean-source/dist/tutorial/share/seedvr2/artifacts/2026-09-08/video-numerics-v1/traces/vae-encoder-sgemm-v1/isolation.json
-- Installing: /home/mingshi/Project/AI/pnnx_torchdynamo/seedvr2-ncnn-vulkan/.cache/publication/clean-source/dist/tutorial/share/seedvr2/artifacts/2026-09-08/video-numerics-v1/traces/vae-encoder-sgemm-v1/report.json
-- Installing: /home/mingshi/Project/AI/pnnx_torchdynamo/seedvr2-ncnn-vulkan/.cache/publication/clean-source/dist/tutorial/share/seedvr2/artifacts/2026-09-08/video-numerics-v1/vae-cpu-regression.json
-- Installing: /home/mingshi/Project/AI/pnnx_torchdynamo/seedvr2-ncnn-vulkan/.cache/publication/clean-source/dist/tutorial/share/seedvr2/artifacts/2026-09-08/memory-v1
-- Installing: /home/mingshi/Project/AI/pnnx_torchdynamo/seedvr2-ncnn-vulkan/.cache/publication/clean-source/dist/tutorial/share/seedvr2/artifacts/2026-09-08/memory-v1/README.md
-- Installing: /home/mingshi/Project/AI/pnnx_torchdynamo/seedvr2-ncnn-vulkan/.cache/publication/clean-source/dist/tutorial/share/seedvr2/artifacts/2026-09-08/memory-v1/awa.json
-- Installing: /home/mingshi/Project/AI/pnnx_torchdynamo/seedvr2-ncnn-vulkan/.cache/publication/clean-source/dist/tutorial/share/seedvr2/artifacts/2026-09-08/memory-v1/awa.log
-- Installing: /home/mingshi/Project/AI/pnnx_torchdynamo/seedvr2-ncnn-vulkan/.cache/publication/clean-source/dist/tutorial/share/seedvr2/artifacts/2026-09-08/memory-v1/components.log
-- Installing: /home/mingshi/Project/AI/pnnx_torchdynamo/seedvr2-ncnn-vulkan/.cache/publication/clean-source/dist/tutorial/share/seedvr2/artifacts/2026-09-08/memory-v1/components
-- Installing: /home/mingshi/Project/AI/pnnx_torchdynamo/seedvr2-ncnn-vulkan/.cache/publication/clean-source/dist/tutorial/share/seedvr2/artifacts/2026-09-08/memory-v1/components/dit-auto-host.json
-- Installing: /home/mingshi/Project/AI/pnnx_torchdynamo/seedvr2-ncnn-vulkan/.cache/publication/clean-source/dist/tutorial/share/seedvr2/artifacts/2026-09-08/memory-v1/components/dit-auto.json
-- Installing: /home/mingshi/Project/AI/pnnx_torchdynamo/seedvr2-ncnn-vulkan/.cache/publication/clean-source/dist/tutorial/share/seedvr2/artifacts/2026-09-08/memory-v1/components/dit-device.json
-- Installing: /home/mingshi/Project/AI/pnnx_torchdynamo/seedvr2-ncnn-vulkan/.cache/publication/clean-source/dist/tutorial/share/seedvr2/artifacts/2026-09-08/memory-v1/components/summary.json
-- Installing: /home/mingshi/Project/AI/pnnx_torchdynamo/seedvr2-ncnn-vulkan/.cache/publication/clean-source/dist/tutorial/share/seedvr2/artifacts/2026-09-08/memory-v1/components/vae-auto-host.json
-- Installing: /home/mingshi/Project/AI/pnnx_torchdynamo/seedvr2-ncnn-vulkan/.cache/publication/clean-source/dist/tutorial/share/seedvr2/artifacts/2026-09-08/memory-v1/components/vae-auto.json
-- Installing: /home/mingshi/Project/AI/pnnx_torchdynamo/seedvr2-ncnn-vulkan/.cache/publication/clean-source/dist/tutorial/share/seedvr2/artifacts/2026-09-08/memory-v1/components/vae-device.json
-- Installing: /home/mingshi/Project/AI/pnnx_torchdynamo/seedvr2-ncnn-vulkan/.cache/publication/clean-source/dist/tutorial/share/seedvr2/artifacts/2026-09-08/memory-v1/ctest-fixed.log
-- Installing: /home/mingshi/Project/AI/pnnx_torchdynamo/seedvr2-ncnn-vulkan/.cache/publication/clean-source/dist/tutorial/share/seedvr2/artifacts/2026-09-08/memory-v1/ctest-memory-final.log
-- Installing: /home/mingshi/Project/AI/pnnx_torchdynamo/seedvr2-ncnn-vulkan/.cache/publication/clean-source/dist/tutorial/share/seedvr2/artifacts/2026-09-08/memory-v1/ctest-v2.log
-- Installing: /home/mingshi/Project/AI/pnnx_torchdynamo/seedvr2-ncnn-vulkan/.cache/publication/clean-source/dist/tutorial/share/seedvr2/artifacts/2026-09-08/memory-v1/ctest.log
-- Installing: /home/mingshi/Project/AI/pnnx_torchdynamo/seedvr2-ncnn-vulkan/.cache/publication/clean-source/dist/tutorial/share/seedvr2/artifacts/2026-09-08/memory-v1/delivery-source-identities.json
-- Installing: /home/mingshi/Project/AI/pnnx_torchdynamo/seedvr2-ncnn-vulkan/.cache/publication/clean-source/dist/tutorial/share/seedvr2/artifacts/2026-09-08/memory-v1/first-use-real-package.json
-- Installing: /home/mingshi/Project/AI/pnnx_torchdynamo/seedvr2-ncnn-vulkan/.cache/publication/clean-source/dist/tutorial/share/seedvr2/artifacts/2026-09-08/memory-v1/first-use.json
-- Installing: /home/mingshi/Project/AI/pnnx_torchdynamo/seedvr2-ncnn-vulkan/.cache/publication/clean-source/dist/tutorial/share/seedvr2/artifacts/2026-09-08/memory-v1/gemm-final.json
-- Installing: /home/mingshi/Project/AI/pnnx_torchdynamo/seedvr2-ncnn-vulkan/.cache/publication/clean-source/dist/tutorial/share/seedvr2/artifacts/2026-09-08/memory-v1/gemm-final.stderr
-- Installing: /home/mingshi/Project/AI/pnnx_torchdynamo/seedvr2-ncnn-vulkan/.cache/publication/clean-source/dist/tutorial/share/seedvr2/artifacts/2026-09-08/memory-v1/gemm-fixed.json
-- Installing: /home/mingshi/Project/AI/pnnx_torchdynamo/seedvr2-ncnn-vulkan/.cache/publication/clean-source/dist/tutorial/share/seedvr2/artifacts/2026-09-08/memory-v1/gemm-fixed.stderr
-- Installing: /home/mingshi/Project/AI/pnnx_torchdynamo/seedvr2-ncnn-vulkan/.cache/publication/clean-source/dist/tutorial/share/seedvr2/artifacts/2026-09-08/memory-v1/gemm-upstream-validation.stderr
-- Installing: /home/mingshi/Project/AI/pnnx_torchdynamo/seedvr2-ncnn-vulkan/.cache/publication/clean-source/dist/tutorial/share/seedvr2/artifacts/2026-09-08/memory-v1/gemm-upstream-validation.stdout
-- Installing: /home/mingshi/Project/AI/pnnx_torchdynamo/seedvr2-ncnn-vulkan/.cache/publication/clean-source/dist/tutorial/share/seedvr2/artifacts/2026-09-08/memory-v1/gemm.json
-- Installing: /home/mingshi/Project/AI/pnnx_torchdynamo/seedvr2-ncnn-vulkan/.cache/publication/clean-source/dist/tutorial/share/seedvr2/artifacts/2026-09-08/memory-v1/gemm.stderr
-- Installing: /home/mingshi/Project/AI/pnnx_torchdynamo/seedvr2-ncnn-vulkan/.cache/publication/clean-source/dist/tutorial/share/seedvr2/artifacts/2026-09-08/memory-v1/image-sdk-auto-measurement.json
-- Installing: /home/mingshi/Project/AI/pnnx_torchdynamo/seedvr2-ncnn-vulkan/.cache/publication/clean-source/dist/tutorial/share/seedvr2/artifacts/2026-09-08/memory-v1/image-sdk-auto-measurement.stderr
-- Installing: /home/mingshi/Project/AI/pnnx_torchdynamo/seedvr2-ncnn-vulkan/.cache/publication/clean-source/dist/tutorial/share/seedvr2/artifacts/2026-09-08/memory-v1/image-sdk-auto-measurement.stdout
-- Installing: /home/mingshi/Project/AI/pnnx_torchdynamo/seedvr2-ncnn-vulkan/.cache/publication/clean-source/dist/tutorial/share/seedvr2/artifacts/2026-09-08/memory-v1/image-sdk-auto-parity.json
-- Installing: /home/mingshi/Project/AI/pnnx_torchdynamo/seedvr2-ncnn-vulkan/.cache/publication/clean-source/dist/tutorial/share/seedvr2/artifacts/2026-09-08/memory-v1/image-sdk-auto
-- Installing: /home/mingshi/Project/AI/pnnx_torchdynamo/seedvr2-ncnn-vulkan/.cache/publication/clean-source/dist/tutorial/share/seedvr2/artifacts/2026-09-08/memory-v1/image-sdk-auto/output.png
-- Installing: /home/mingshi/Project/AI/pnnx_torchdynamo/seedvr2-ncnn-vulkan/.cache/publication/clean-source/dist/tutorial/share/seedvr2/artifacts/2026-09-08/memory-v1/image-sdk-auto/run.json
-- Installing: /home/mingshi/Project/AI/pnnx_torchdynamo/seedvr2-ncnn-vulkan/.cache/publication/clean-source/dist/tutorial/share/seedvr2/artifacts/2026-09-08/memory-v1/image-sdk-fixed-measurement.json
-- Installing: /home/mingshi/Project/AI/pnnx_torchdynamo/seedvr2-ncnn-vulkan/.cache/publication/clean-source/dist/tutorial/share/seedvr2/artifacts/2026-09-08/memory-v1/image-sdk-fixed-measurement.stderr
-- Installing: /home/mingshi/Project/AI/pnnx_torchdynamo/seedvr2-ncnn-vulkan/.cache/publication/clean-source/dist/tutorial/share/seedvr2/artifacts/2026-09-08/memory-v1/image-sdk-fixed-measurement.stdout
-- Installing: /home/mingshi/Project/AI/pnnx_torchdynamo/seedvr2-ncnn-vulkan/.cache/publication/clean-source/dist/tutorial/share/seedvr2/artifacts/2026-09-08/memory-v1/image-sdk-fixed-parity.json
-- Installing: /home/mingshi/Project/AI/pnnx_torchdynamo/seedvr2-ncnn-vulkan/.cache/publication/clean-source/dist/tutorial/share/seedvr2/artifacts/2026-09-08/memory-v1/image-sdk-fixed
-- Installing: /home/mingshi/Project/AI/pnnx_torchdynamo/seedvr2-ncnn-vulkan/.cache/publication/clean-source/dist/tutorial/share/seedvr2/artifacts/2026-09-08/memory-v1/image-sdk-fixed/output.png
-- Installing: /home/mingshi/Project/AI/pnnx_torchdynamo/seedvr2-ncnn-vulkan/.cache/publication/clean-source/dist/tutorial/share/seedvr2/artifacts/2026-09-08/memory-v1/image-sdk-fixed/run.json
-- Installing: /home/mingshi/Project/AI/pnnx_torchdynamo/seedvr2-ncnn-vulkan/.cache/publication/clean-source/dist/tutorial/share/seedvr2/artifacts/2026-09-08/memory-v1/image-sdk-validation.json
-- Installing: /home/mingshi/Project/AI/pnnx_torchdynamo/seedvr2-ncnn-vulkan/.cache/publication/clean-source/dist/tutorial/share/seedvr2/artifacts/2026-09-08/memory-v1/implementation.patch
-- Installing: /home/mingshi/Project/AI/pnnx_torchdynamo/seedvr2-ncnn-vulkan/.cache/publication/clean-source/dist/tutorial/share/seedvr2/artifacts/2026-09-08/memory-v1/install-final.log
-- Installing: /home/mingshi/Project/AI/pnnx_torchdynamo/seedvr2-ncnn-vulkan/.cache/publication/clean-source/dist/tutorial/share/seedvr2/artifacts/2026-09-08/memory-v1/install-v2.log
-- Installing: /home/mingshi/Project/AI/pnnx_torchdynamo/seedvr2-ncnn-vulkan/.cache/publication/clean-source/dist/tutorial/share/seedvr2/artifacts/2026-09-08/memory-v1/install.log
-- Installing: /home/mingshi/Project/AI/pnnx_torchdynamo/seedvr2-ncnn-vulkan/.cache/publication/clean-source/dist/tutorial/share/seedvr2/artifacts/2026-09-08/memory-v1/installed-image-package.json
-- Installing: /home/mingshi/Project/AI/pnnx_torchdynamo/seedvr2-ncnn-vulkan/.cache/publication/clean-source/dist/tutorial/share/seedvr2/artifacts/2026-09-08/memory-v1/installed-video-package.json
-- Installing: /home/mingshi/Project/AI/pnnx_torchdynamo/seedvr2-ncnn-vulkan/.cache/publication/clean-source/dist/tutorial/share/seedvr2/artifacts/2026-09-08/memory-v1/installed-video-package.stderr
-- Installing: /home/mingshi/Project/AI/pnnx_torchdynamo/seedvr2-ncnn-vulkan/.cache/publication/clean-source/dist/tutorial/share/seedvr2/artifacts/2026-09-08/memory-v1/installed-video-wrong-kind.json
-- Installing: /home/mingshi/Project/AI/pnnx_torchdynamo/seedvr2-ncnn-vulkan/.cache/publication/clean-source/dist/tutorial/share/seedvr2/artifacts/2026-09-08/memory-v1/installed-video-wrong-kind.stderr
-- Installing: /home/mingshi/Project/AI/pnnx_torchdynamo/seedvr2-ncnn-vulkan/.cache/publication/clean-source/dist/tutorial/share/seedvr2/artifacts/2026-09-08/memory-v1/live-web-job.json
-- Installing: /home/mingshi/Project/AI/pnnx_torchdynamo/seedvr2-ncnn-vulkan/.cache/publication/clean-source/dist/tutorial/share/seedvr2/artifacts/2026-09-08/memory-v1/live-web-result.json
-- Installing: /home/mingshi/Project/AI/pnnx_torchdynamo/seedvr2-ncnn-vulkan/.cache/publication/clean-source/dist/tutorial/share/seedvr2/artifacts/2026-09-08/memory-v1/live-web-run.json
-- Installing: /home/mingshi/Project/AI/pnnx_torchdynamo/seedvr2-ncnn-vulkan/.cache/publication/clean-source/dist/tutorial/share/seedvr2/artifacts/2026-09-08/memory-v1/live-web-submission.json
-- Installing: /home/mingshi/Project/AI/pnnx_torchdynamo/seedvr2-ncnn-vulkan/.cache/publication/clean-source/dist/tutorial/share/seedvr2/artifacts/2026-09-08/memory-v1/live-web-upgrade.json
-- Installing: /home/mingshi/Project/AI/pnnx_torchdynamo/seedvr2-ncnn-vulkan/.cache/publication/clean-source/dist/tutorial/share/seedvr2/artifacts/2026-09-08/memory-v1/mesa-fixed.log
-- Installing: /home/mingshi/Project/AI/pnnx_torchdynamo/seedvr2-ncnn-vulkan/.cache/publication/clean-source/dist/tutorial/share/seedvr2/artifacts/2026-09-08/memory-v1/mesa.log
-- Installing: /home/mingshi/Project/AI/pnnx_torchdynamo/seedvr2-ncnn-vulkan/.cache/publication/clean-source/dist/tutorial/share/seedvr2/artifacts/2026-09-08/memory-v1/native-ci-v2.log
-- Installing: /home/mingshi/Project/AI/pnnx_torchdynamo/seedvr2-ncnn-vulkan/.cache/publication/clean-source/dist/tutorial/share/seedvr2/artifacts/2026-09-08/memory-v1/native-ci-v2
-- Installing: /home/mingshi/Project/AI/pnnx_torchdynamo/seedvr2-ncnn-vulkan/.cache/publication/clean-source/dist/tutorial/share/seedvr2/artifacts/2026-09-08/memory-v1/native-ci-v2/cli.json
-- Installing: /home/mingshi/Project/AI/pnnx_torchdynamo/seedvr2-ncnn-vulkan/.cache/publication/clean-source/dist/tutorial/share/seedvr2/artifacts/2026-09-08/memory-v1/native-ci-v2/ctest.log
-- Installing: /home/mingshi/Project/AI/pnnx_torchdynamo/seedvr2-ncnn-vulkan/.cache/publication/clean-source/dist/tutorial/share/seedvr2/artifacts/2026-09-08/memory-v1/native-ci-v2/engine-boundaries.json
-- Installing: /home/mingshi/Project/AI/pnnx_torchdynamo/seedvr2-ncnn-vulkan/.cache/publication/clean-source/dist/tutorial/share/seedvr2/artifacts/2026-09-08/memory-v1/native-ci-v2/engine-build.json
-- Installing: /home/mingshi/Project/AI/pnnx_torchdynamo/seedvr2-ncnn-vulkan/.cache/publication/clean-source/dist/tutorial/share/seedvr2/artifacts/2026-09-08/memory-v1/native-ci-v2/evidence-contract.log
-- Installing: /home/mingshi/Project/AI/pnnx_torchdynamo/seedvr2-ncnn-vulkan/.cache/publication/clean-source/dist/tutorial/share/seedvr2/artifacts/2026-09-08/memory-v1/native-ci-v2/first-use.json
-- Installing: /home/mingshi/Project/AI/pnnx_torchdynamo/seedvr2-ncnn-vulkan/.cache/publication/clean-source/dist/tutorial/share/seedvr2/artifacts/2026-09-08/memory-v1/native-ci-v2/mesa-regressions.log
-- Installing: /home/mingshi/Project/AI/pnnx_torchdynamo/seedvr2-ncnn-vulkan/.cache/publication/clean-source/dist/tutorial/share/seedvr2/artifacts/2026-09-08/memory-v1/native-ci-v2/mesa.json
-- Installing: /home/mingshi/Project/AI/pnnx_torchdynamo/seedvr2-ncnn-vulkan/.cache/publication/clean-source/dist/tutorial/share/seedvr2/artifacts/2026-09-08/memory-v1/native-ci-v2/mesa.stderr
-- Installing: /home/mingshi/Project/AI/pnnx_torchdynamo/seedvr2-ncnn-vulkan/.cache/publication/clean-source/dist/tutorial/share/seedvr2/artifacts/2026-09-08/memory-v1/native-ci-v2/scope.json
-- Installing: /home/mingshi/Project/AI/pnnx_torchdynamo/seedvr2-ncnn-vulkan/.cache/publication/clean-source/dist/tutorial/share/seedvr2/artifacts/2026-09-08/memory-v1/native-ci-v2/sdk-build.log
-- Installing: /home/mingshi/Project/AI/pnnx_torchdynamo/seedvr2-ncnn-vulkan/.cache/publication/clean-source/dist/tutorial/share/seedvr2/artifacts/2026-09-08/memory-v1/native-ci-v2/sdk-identity.json
-- Installing: /home/mingshi/Project/AI/pnnx_torchdynamo/seedvr2-ncnn-vulkan/.cache/publication/clean-source/dist/tutorial/share/seedvr2/artifacts/2026-09-08/memory-v1/native-ci-v2/sdk-smoke.json
-- Installing: /home/mingshi/Project/AI/pnnx_torchdynamo/seedvr2-ncnn-vulkan/.cache/publication/clean-source/dist/tutorial/share/seedvr2/artifacts/2026-09-08/memory-v1/native-ci.log
-- Installing: /home/mingshi/Project/AI/pnnx_torchdynamo/seedvr2-ncnn-vulkan/.cache/publication/clean-source/dist/tutorial/share/seedvr2/artifacts/2026-09-08/memory-v1/native-ci
-- Installing: /home/mingshi/Project/AI/pnnx_torchdynamo/seedvr2-ncnn-vulkan/.cache/publication/clean-source/dist/tutorial/share/seedvr2/artifacts/2026-09-08/memory-v1/native-ci/cli.json
-- Installing: /home/mingshi/Project/AI/pnnx_torchdynamo/seedvr2-ncnn-vulkan/.cache/publication/clean-source/dist/tutorial/share/seedvr2/artifacts/2026-09-08/memory-v1/native-ci/ctest.log
-- Installing: /home/mingshi/Project/AI/pnnx_torchdynamo/seedvr2-ncnn-vulkan/.cache/publication/clean-source/dist/tutorial/share/seedvr2/artifacts/2026-09-08/memory-v1/native-ci/engine-boundaries.json
-- Installing: /home/mingshi/Project/AI/pnnx_torchdynamo/seedvr2-ncnn-vulkan/.cache/publication/clean-source/dist/tutorial/share/seedvr2/artifacts/2026-09-08/memory-v1/native-ci/evidence-contract.log
-- Installing: /home/mingshi/Project/AI/pnnx_torchdynamo/seedvr2-ncnn-vulkan/.cache/publication/clean-source/dist/tutorial/share/seedvr2/artifacts/2026-09-08/memory-v1/native-ci/first-use.json
-- Installing: /home/mingshi/Project/AI/pnnx_torchdynamo/seedvr2-ncnn-vulkan/.cache/publication/clean-source/dist/tutorial/share/seedvr2/artifacts/2026-09-08/memory-v1/native-ci/mesa-regressions.log
-- Installing: /home/mingshi/Project/AI/pnnx_torchdynamo/seedvr2-ncnn-vulkan/.cache/publication/clean-source/dist/tutorial/share/seedvr2/artifacts/2026-09-08/memory-v1/native-ci/mesa.json
-- Installing: /home/mingshi/Project/AI/pnnx_torchdynamo/seedvr2-ncnn-vulkan/.cache/publication/clean-source/dist/tutorial/share/seedvr2/artifacts/2026-09-08/memory-v1/native-ci/mesa.stderr
-- Installing: /home/mingshi/Project/AI/pnnx_torchdynamo/seedvr2-ncnn-vulkan/.cache/publication/clean-source/dist/tutorial/share/seedvr2/artifacts/2026-09-08/memory-v1/native-ci/scope.json
-- Installing: /home/mingshi/Project/AI/pnnx_torchdynamo/seedvr2-ncnn-vulkan/.cache/publication/clean-source/dist/tutorial/share/seedvr2/artifacts/2026-09-08/memory-v1/native-ci/sdk-build.log
-- Installing: /home/mingshi/Project/AI/pnnx_torchdynamo/seedvr2-ncnn-vulkan/.cache/publication/clean-source/dist/tutorial/share/seedvr2/artifacts/2026-09-08/memory-v1/native-ci/sdk-smoke.json
-- Installing: /home/mingshi/Project/AI/pnnx_torchdynamo/seedvr2-ncnn-vulkan/.cache/publication/clean-source/dist/tutorial/share/seedvr2/artifacts/2026-09-08/memory-v1/sdk-cache-failure.json
-- Installing: /home/mingshi/Project/AI/pnnx_torchdynamo/seedvr2-ncnn-vulkan/.cache/publication/clean-source/dist/tutorial/share/seedvr2/artifacts/2026-09-08/memory-v1/source-bindings-v2.json
-- Installing: /home/mingshi/Project/AI/pnnx_torchdynamo/seedvr2-ncnn-vulkan/.cache/publication/clean-source/dist/tutorial/share/seedvr2/artifacts/2026-09-08/memory-v1/source-bindings.json
-- Installing: /home/mingshi/Project/AI/pnnx_torchdynamo/seedvr2-ncnn-vulkan/.cache/publication/clean-source/dist/tutorial/share/seedvr2/artifacts/2026-09-08/memory-v1/summary.json
-- Installing: /home/mingshi/Project/AI/pnnx_torchdynamo/seedvr2-ncnn-vulkan/.cache/publication/clean-source/dist/tutorial/share/seedvr2/artifacts/2026-09-08/memory-v1/video-auto-host-measurement.json
-- Installing: /home/mingshi/Project/AI/pnnx_torchdynamo/seedvr2-ncnn-vulkan/.cache/publication/clean-source/dist/tutorial/share/seedvr2/artifacts/2026-09-08/memory-v1/video-auto-host-measurement.stderr
-- Installing: /home/mingshi/Project/AI/pnnx_torchdynamo/seedvr2-ncnn-vulkan/.cache/publication/clean-source/dist/tutorial/share/seedvr2/artifacts/2026-09-08/memory-v1/video-auto-host-measurement.stdout
-- Installing: /home/mingshi/Project/AI/pnnx_torchdynamo/seedvr2-ncnn-vulkan/.cache/publication/clean-source/dist/tutorial/share/seedvr2/artifacts/2026-09-08/memory-v1/video-auto-host-parity.json
-- Installing: /home/mingshi/Project/AI/pnnx_torchdynamo/seedvr2-ncnn-vulkan/.cache/publication/clean-source/dist/tutorial/share/seedvr2/artifacts/2026-09-08/memory-v1/video-auto-host
-- Installing: /home/mingshi/Project/AI/pnnx_torchdynamo/seedvr2-ncnn-vulkan/.cache/publication/clean-source/dist/tutorial/share/seedvr2/artifacts/2026-09-08/memory-v1/video-auto-host/output.mp4
-- Installing: /home/mingshi/Project/AI/pnnx_torchdynamo/seedvr2-ncnn-vulkan/.cache/publication/clean-source/dist/tutorial/share/seedvr2/artifacts/2026-09-08/memory-v1/video-auto-host/run.json
-- Installing: /home/mingshi/Project/AI/pnnx_torchdynamo/seedvr2-ncnn-vulkan/.cache/publication/clean-source/dist/tutorial/share/seedvr2/artifacts/2026-09-08/memory-v1/video-auto-measurement.json
-- Installing: /home/mingshi/Project/AI/pnnx_torchdynamo/seedvr2-ncnn-vulkan/.cache/publication/clean-source/dist/tutorial/share/seedvr2/artifacts/2026-09-08/memory-v1/video-auto-measurement.stderr
-- Installing: /home/mingshi/Project/AI/pnnx_torchdynamo/seedvr2-ncnn-vulkan/.cache/publication/clean-source/dist/tutorial/share/seedvr2/artifacts/2026-09-08/memory-v1/video-auto-measurement.stdout
-- Installing: /home/mingshi/Project/AI/pnnx_torchdynamo/seedvr2-ncnn-vulkan/.cache/publication/clean-source/dist/tutorial/share/seedvr2/artifacts/2026-09-08/memory-v1/video-auto-parity.json
-- Installing: /home/mingshi/Project/AI/pnnx_torchdynamo/seedvr2-ncnn-vulkan/.cache/publication/clean-source/dist/tutorial/share/seedvr2/artifacts/2026-09-08/memory-v1/video-auto
-- Installing: /home/mingshi/Project/AI/pnnx_torchdynamo/seedvr2-ncnn-vulkan/.cache/publication/clean-source/dist/tutorial/share/seedvr2/artifacts/2026-09-08/memory-v1/video-auto/output.mp4
-- Installing: /home/mingshi/Project/AI/pnnx_torchdynamo/seedvr2-ncnn-vulkan/.cache/publication/clean-source/dist/tutorial/share/seedvr2/artifacts/2026-09-08/memory-v1/video-auto/run.json
-- Installing: /home/mingshi/Project/AI/pnnx_torchdynamo/seedvr2-ncnn-vulkan/.cache/publication/clean-source/dist/tutorial/share/seedvr2/artifacts/2026-09-08/memory-v1/video-equivalence.json
-- Installing: /home/mingshi/Project/AI/pnnx_torchdynamo/seedvr2-ncnn-vulkan/.cache/publication/clean-source/dist/tutorial/share/seedvr2/artifacts/2026-09-08/memory-v1/web.json
-- Installing: /home/mingshi/Project/AI/pnnx_torchdynamo/seedvr2-ncnn-vulkan/.cache/publication/clean-source/dist/tutorial/share/seedvr2/artifacts/2026-09-08/memory-v1/web.log
-- Installing: /home/mingshi/Project/AI/pnnx_torchdynamo/seedvr2-ncnn-vulkan/.cache/publication/clean-source/dist/tutorial/share/seedvr2/licenses/engine
-- Installing: /home/mingshi/Project/AI/pnnx_torchdynamo/seedvr2-ncnn-vulkan/.cache/publication/clean-source/dist/tutorial/share/seedvr2/licenses/engine/SPIRV-Tools-LICENSE.txt
-- Installing: /home/mingshi/Project/AI/pnnx_torchdynamo/seedvr2-ncnn-vulkan/.cache/publication/clean-source/dist/tutorial/share/seedvr2/licenses/engine/glslang-LICENSE.txt
-- Installing: /home/mingshi/Project/AI/pnnx_torchdynamo/seedvr2-ncnn-vulkan/.cache/publication/clean-source/dist/tutorial/share/seedvr2/licenses/engine/ncnn-LICENSE.txt
-- Installing: /home/mingshi/Project/AI/pnnx_torchdynamo/seedvr2-ncnn-vulkan/.cache/publication/clean-source/dist/tutorial/share/seedvr2/licenses/engine/sources.json
-- Installing: /home/mingshi/Project/AI/pnnx_torchdynamo/seedvr2-ncnn-vulkan/.cache/publication/clean-source/dist/tutorial/share/seedvr2/licenses/engine/stb-MIT.txt
-- Installing: /home/mingshi/Project/AI/pnnx_torchdynamo/seedvr2-ncnn-vulkan/.cache/publication/clean-source/dist/tutorial/share/seedvr2/licenses/media
-- Installing: /home/mingshi/Project/AI/pnnx_torchdynamo/seedvr2-ncnn-vulkan/.cache/publication/clean-source/dist/tutorial/share/seedvr2/licenses/media/COPYING.GPLv2
-- Installing: /home/mingshi/Project/AI/pnnx_torchdynamo/seedvr2-ncnn-vulkan/.cache/publication/clean-source/dist/tutorial/share/seedvr2/licenses/media/COPYING.GPLv3
-- Installing: /home/mingshi/Project/AI/pnnx_torchdynamo/seedvr2-ncnn-vulkan/.cache/publication/clean-source/dist/tutorial/share/seedvr2/licenses/media/COPYING.LGPLv2.1
-- Installing: /home/mingshi/Project/AI/pnnx_torchdynamo/seedvr2-ncnn-vulkan/.cache/publication/clean-source/dist/tutorial/share/seedvr2/licenses/media/COPYING.LGPLv3
-- Installing: /home/mingshi/Project/AI/pnnx_torchdynamo/seedvr2-ncnn-vulkan/.cache/publication/clean-source/dist/tutorial/share/seedvr2/licenses/media/NOTICE.txt
-- Installing: /home/mingshi/Project/AI/pnnx_torchdynamo/seedvr2-ncnn-vulkan/.cache/publication/clean-source/dist/tutorial/share/seedvr2/licenses/media/libjpeg
-- Installing: /home/mingshi/Project/AI/pnnx_torchdynamo/seedvr2-ncnn-vulkan/.cache/publication/clean-source/dist/tutorial/share/seedvr2/licenses/media/libjpeg/LICENSE.md
-- Installing: /home/mingshi/Project/AI/pnnx_torchdynamo/seedvr2-ncnn-vulkan/.cache/publication/clean-source/dist/tutorial/share/seedvr2/licenses/media/libjpeg/README.ijg
-- Installing: /home/mingshi/Project/AI/pnnx_torchdynamo/seedvr2-ncnn-vulkan/.cache/publication/clean-source/dist/tutorial/share/seedvr2/licenses/media/libjpeg/sources.json
-- Installing: /home/mingshi/Project/AI/pnnx_torchdynamo/seedvr2-ncnn-vulkan/.cache/publication/clean-source/dist/tutorial/share/seedvr2/licenses/media/sources.json
-- Installing: /home/mingshi/Project/AI/pnnx_torchdynamo/seedvr2-ncnn-vulkan/.cache/publication/clean-source/dist/tutorial/share/seedvr2/engine-dependencies.lock.json
-- Installing: /home/mingshi/Project/AI/pnnx_torchdynamo/seedvr2-ncnn-vulkan/.cache/publication/clean-source/dist/tutorial/share/seedvr2/converter-dependencies.lock.json
-- Installing: /home/mingshi/Project/AI/pnnx_torchdynamo/seedvr2-ncnn-vulkan/.cache/publication/clean-source/dist/tutorial/share/seedvr2/model-sources.lock.json
-- Installing: /home/mingshi/Project/AI/pnnx_torchdynamo/seedvr2-ncnn-vulkan/.cache/publication/clean-source/dist/tutorial/share/seedvr2/licenses/CLI11-BSD.txt
-- Installing: /home/mingshi/Project/AI/pnnx_torchdynamo/seedvr2-ncnn-vulkan/.cache/publication/clean-source/dist/tutorial/share/seedvr2/licenses/Drogon-MIT.txt
-- Installing: /home/mingshi/Project/AI/pnnx_torchdynamo/seedvr2-ncnn-vulkan/.cache/publication/clean-source/dist/tutorial/share/seedvr2/licenses/Trantor-BSD.txt
-- Installing: /home/mingshi/Project/AI/pnnx_torchdynamo/seedvr2-ncnn-vulkan/.cache/publication/clean-source/dist/tutorial/share/seedvr2/licenses/JsonCpp-MIT.txt
[9/9] /home/mingshi/Project/AI/pnnx_torchdynamo/seedvr2-ncnn-vulkan/.cache/publication/clean-source/dist/tutorial/bin/seedvr2 version
0.7.0-native-preview; sdk=installed-cpp; ncnn=linked; awa=cpu+vulkan; restoration=image+short-video; model=not-certified
Installed native CLI/SDK: /home/mingshi/Project/AI/pnnx_torchdynamo/seedvr2-ncnn-vulkan/.cache/publication/clean-source/dist/tutorial
Model weights are separate. Start with engine self-test; see docs/TUTORIAL.md for export.
